brand,processor_brand,processor_name,ram_gb,ram_type,ssd,hdd,os,os_bit,graphic_card_gb,weight,Touchscreen,msoffice,latest_price,star_rating
Lenovo,AMD,A6-9225 Processor,4 GB GB,DDR4,0 GB,1024 GB,Windows,64-bit,0,ThinNlight,No,No,24990,3.7
Lenovo,AMD,APU Dual,4 GB GB,DDR4,0 GB,512 GB,Windows,64-bit,0,Casual,No,No,19590,3.6
Avita,AMD,APU Dual,4 GB GB,DDR4,128 GB,0 GB,Windows,64-bit,0,ThinNlight,No,No,19990,3.7
Avita,AMD,APU Dual,4 GB GB,DDR4,128 GB,0 GB,Windows,64-bit,0,ThinNlight,No,No,21490,3.7
Avita,AMD,APU Dual,4 GB GB,DDR4,256 GB,0 GB,Windows,64-bit,0,ThinNlight,No,No,24990,3.7
Avita,AMD,APU Dual,8 GB GB,DDR4,256 GB,0 GB,Windows,64-bit,0,ThinNlight,No,No,24990,3.7
HP,AMD,APU Dual,4 GB GB,DDR4,0 GB,1024 GB,Windows,32-bit,0,Casual,No,No,20900,3.9
Lenovo,AMD,APU Dual,4 GB GB,DDR4,0 GB,1024 GB,Windows,64-bit,0,Casual,No,No,21896,3.9
HP,AMD,Athlon Dual,32 GB GB,DDR4,32 GB,0 GB,Windows,32-bit,4,Casual,No,No,26899,0
acer,AMD,Athlon Dual,4 GB GB,DDR4,256 GB,0 GB,Windows,64-bit,0,Casual,No,No,31990,4.2
ASUS,Intel,Core i3,4 GB GB,DDR4,0 GB,1024 GB,Windows,64-bit,0,Casual,No,No,34649,2.3
Lenovo,Intel,Core i3,4 GB GB,DDR4,0 GB,1024 GB,Windows,64-bit,0,Casual,No,No,38999,3.8
Lenovo,Intel,Core i3,4 GB GB,DDR4,0 GB,1024 GB,Windows,64-bit,0,Casual,No,No,39999,3.1
ASUS,Intel,Core i5,8 GB GB,DDR4,512 GB,0 GB,Windows,32-bit,2,Casual,No,No,69990,0
ASUS,Intel,Celeron Dual,4 GB GB,DDR4,0 GB,512 GB,Windows,64-bit,0,Casual,No,No,26990,0
ASUS,Intel,Celeron Dual,4 GB GB,DDR4,0 GB,512 GB,Windows,64-bit,0,Casual,No,No,22990,0
ASUS,Intel,Celeron Dual,4 GB GB,DDR4,0 GB,512 GB,Windows,32-bit,0,Casual,No,No,21990,3.5
ASUS,Intel,Core i5,8 GB GB,DDR4,0 GB,1024 GB,Windows,32-bit,2,Casual,No,No,58799,0
Lenovo,Intel,Core i5,4 GB GB,DDR4,0 GB,1024 GB,Windows,32-bit,0,Casual,No,No,49999,0
acer,AMD,Ryzen,4 GB GB,DDR4,0 GB,512 GB,Windows,32-bit,4,Casual,No,No,54990,4.5
acer,AMD,Ryzen 5,4 GB GB,DDR4,0 GB,512 GB,Windows,32-bit,4,Casual,No,No,59990,4.5
acer,AMD,Ryzen 5,4 GB GB,DDR4,0 GB,512 GB,Windows,32-bit,6,Casual,No,No,93700,4.5
acer,AMD,Ryzen 5,4 GB GB,DDR4,0 GB,512 GB,Windows,32-bit,4,Casual,No,No,72990,4.5
Avita,Intel,Celeron Dual,4 GB GB,DDR4,0 GB,512 GB,Windows,64-bit,0,Casual,No,No,17490,3.6
ASUS,Intel,Celeron Dual,4 GB GB,DDR4,0 GB,512 GB,Windows,64-bit,0,Casual,No,No,22990,0
ASUS,Intel,Core i3,4 GB GB,DDR4,256 GB,0 GB,Windows,64-bit,0,Casual,No,No,35990,0
HP,Intel,Core i3,8 GB GB,DDR4,256 GB,0 GB,Windows,64-bit,0,Casual,Yes,No,56490,0
HP,Intel,Core i5,8 GB GB,DDR4,256 GB,0 GB,Windows,64-bit,0,Casual,No,No,65390,0
Lenovo,Intel,Celeron Dual,4 GB GB,DDR4,256 GB,0 GB,Windows,64-bit,0,ThinNlight,No,No,31999,4
HP,Intel,Celeron Dual,8 GB GB,DDR4,256 GB,0 GB,Windows,64-bit,0,ThinNlight,No,No,32490,4
Lenovo,Intel,Celeron Dual,4 GB GB,DDR4,256 GB,0 GB,Windows,64-bit,0,ThinNlight,No,No,31799,0
ASUS,Intel,Celeron Dual,4 GB GB,DDR4,256 GB,0 GB,Windows,64-bit,0,Casual,No,No,29890,4
ASUS,Intel,Celeron Dual,4 GB GB,DDR4,0 GB,1024 GB,Windows,64-bit,0,Casual,No,No,23990,3.8
HP,Intel,Core i3,4 GB GB,DDR4,0 GB,1024 GB,Windows,64-bit,0,Casual,No,No,32955,4.2
HP,Intel,Core i5,4 GB GB,DDR4,0 GB,1024 GB,Windows,32-bit,2,Casual,No,No,46200,4.2
ASUS,Intel,Core i3,4 GB GB,DDR4,256 GB,0 GB,Windows,64-bit,0,ThinNlight,No,No,34429,4.1
Lenovo,Intel,Core i3,8 GB GB,DDR4,256 GB,0 GB,Windows,32-bit,0,ThinNlight,No,Yes,37990,4.3
ASUS,Intel,Core i3,4 GB GB,DDR4,256 GB,0 GB,Windows,32-bit,0,Casual,No,Yes,35990,4.3
ASUS,Intel,Core i3,8 GB GB,DDR4,256 GB,0 GB,Windows,64-bit,0,ThinNlight,No,No,33980,4.4
HP,Intel,Core i3,8 GB GB,DDR4,256 GB,0 GB,Windows,64-bit,0,ThinNlight,No,Yes,39990,4.2
DELL,Intel,Core i3,8 GB GB,DDR4,256 GB,0 GB,Windows,64-bit,0,ThinNlight,No,Yes,39490,4.3
RedmiBook,Intel,Core i3,8 GB GB,DDR4,256 GB,0 GB,Windows,32-bit,0,ThinNlight,No,No,38990,4.3
HP,Intel,Core i3,8 GB GB,DDR4,256 GB,0 GB,Windows,64-bit,0,Casual,Yes,Yes,53990,4.6
acer,Intel,Core i3,8 GB GB,DDR4,256 GB,0 GB,Windows,64-bit,0,ThinNlight,No,No,38990,0
realme,Intel,Core i3,8 GB GB,DDR4,256 GB,0 GB,Windows,64-bit,0,ThinNlight,No,Yes,46990,4.4
ASUS,Intel,Core i3,8 GB GB,DDR4,256 GB,0 GB,Windows,64-bit,0,ThinNlight,No,No,37990,4.3
ASUS,Intel,Core i3,8 GB GB,DDR4,256 GB,0 GB,Windows,64-bit,0,Casual,No,Yes,37890,4.6
Lenovo,Intel,Core i3,8 GB GB,DDR4,256 GB,0 GB,Windows,64-bit,0,ThinNlight,No,No,38990,4.2
Lenovo,Intel,Core i3,8 GB GB,DDR4,256 GB,0 GB,Windows,64-bit,0,ThinNlight,No,No,37990,4.2
DELL,Intel,Core i3,8 GB GB,DDR4,256 GB,0 GB,Windows,64-bit,0,ThinNlight,No,Yes,41990,3.6
ASUS,Intel,Core i3,8 GB GB,DDR4,256 GB,0 GB,Windows,64-bit,0,Casual,No,No,45990,4.5
Lenovo,Intel,Core i3,8 GB GB,DDR4,256 GB,0 GB,Windows,64-bit,0,ThinNlight,No,No,39990,4.3
DELL,Intel,Core i3,8 GB GB,DDR4,256 GB,0 GB,Windows,64-bit,0,ThinNlight,No,No,42490,4.8
Infinix,Intel,Core i3,8 GB GB,LPDDR4X,256 GB,0 GB,Windows,64-bit,0,ThinNlight,No,No,32990,4.3
DELL,Intel,Core i3,4 GB GB,DDR4,256 GB,0 GB,Windows,64-bit,0,ThinNlight,No,Yes,36990,4.3
Lenovo,Intel,Core i3,8 GB GB,DDR4,256 GB,0 GB,Windows,64-bit,0,Casual,Yes,Yes,53990,4.4
ASUS,Intel,Core i3,8 GB GB,DDR4,256 GB,0 GB,Windows,64-bit,0,ThinNlight,No,No,36990,4.4
Lenovo,Intel,Core i3,4 GB GB,DDR4,256 GB,0 GB,Windows,64-bit,0,Casual,No,No,38940,4.3
DELL,Intel,Core i3,4 GB GB,DDR4,256 GB,0 GB,Windows,64-bit,0,Casual,No,Yes,39490,4.4
ASUS,Intel,Core i3,8 GB GB,DDR4,256 GB,0 GB,Windows,64-bit,0,Casual,No,No,45990,4.5
Lenovo,Intel,Core i3,8 GB GB,DDR4,256 GB,0 GB,Windows,64-bit,0,Casual,No,Yes,39999,5
DELL,Intel,Core i3,8 GB GB,DDR4,256 GB,0 GB,Windows,64-bit,0,ThinNlight,No,No,42990,4.3
DELL,Intel,Core i3,8 GB GB,DDR4,256 GB,0 GB,Windows,64-bit,0,Casual,Yes,No,49990,4.2
DELL,Intel,Core i3,8 GB GB,DDR4,256 GB,0 GB,Windows,64-bit,0,ThinNlight,No,Yes,41490,4.3
DELL,Intel,Core i3,8 GB GB,DDR4,256 GB,0 GB,Windows,64-bit,0,ThinNlight,No,No,41990,4.2
Lenovo,Intel,Core i3,8 GB GB,DDR4,256 GB,0 GB,Windows,64-bit,0,ThinNlight,No,Yes,41990,4.4
Infinix,Intel,Core i3,8 GB GB,LPDDR4X,256 GB,0 GB,Windows,64-bit,0,ThinNlight,No,No,32990,4.3
ASUS,Intel,Core i3,8 GB GB,DDR4,256 GB,0 GB,Windows,64-bit,0,Casual,No,No,38490,3.8
Lenovo,Intel,Core i3,4 GB GB,DDR4,256 GB,0 GB,Windows,64-bit,0,ThinNlight,No,Yes,38990,4.4
Lenovo,Intel,Core i3,4 GB GB,DDR4,256 GB,0 GB,Windows,64-bit,0,Casual,No,Yes,44990,4.1
Lenovo,Intel,Core i3,4 GB GB,DDR4,256 GB,0 GB,Windows,64-bit,0,ThinNlight,No,No,36490,0
Lenovo,Intel,Core i3,8 GB GB,DDR4,256 GB,0 GB,Windows,32-bit,0,Casual,No,No,38970,0
HP,Intel,Core i3,4 GB GB,DDR4,256 GB,0 GB,Windows,64-bit,0,ThinNlight,No,Yes,44900,4.2
MSI,Intel,Core i3,4 GB GB,DDR4,256 GB,0 GB,Windows,64-bit,0,ThinNlight,No,No,38990,4.5
DELL,Intel,Core i3,4 GB GB,DDR4,256 GB,0 GB,Windows,64-bit,0,ThinNlight,No,No,44427,0
ASUS,Intel,Core i3,4 GB GB,DDR4,256 GB,0 GB,Windows,64-bit,0,Casual,No,No,35990,0
Lenovo,Intel,Core i3,4 GB GB,DDR4,256 GB,0 GB,Windows,64-bit,0,Casual,No,Yes,40200,3.9
Lenovo,Intel,Core i3,4 GB GB,DDR4,256 GB,0 GB,Windows,32-bit,0,Casual,No,No,40990,3.7
DELL,Intel,Core i3,4 GB GB,DDR4,256 GB,0 GB,Windows,64-bit,0,ThinNlight,No,No,42490,0
realme,Intel,Core i3,4 GB GB,DDR4,256 GB,0 GB,Windows,64-bit,0,ThinNlight,No,Yes,47999,4.4
acer,Intel,Celeron Dual,4 GB GB,DDR4,0 GB,512 GB,Windows,32-bit,0,Casual,No,No,23990,3.3
DELL,Intel,Core i3,4 GB GB,DDR4,256 GB,0 GB,Windows,64-bit,0,Casual,Yes,No,71999,4.3
ASUS,Intel,Core i3,4 GB GB,DDR4,256 GB,0 GB,Windows,64-bit,0,Casual,No,No,39990,4.4
Lenovo,Intel,Core i3,4 GB GB,DDR4,256 GB,0 GB,Windows,64-bit,0,Casual,No,Yes,41998,4.4
ASUS,Intel,Core i3,4 GB GB,DDR4,256 GB,0 GB,Windows,32-bit,0,Casual,No,No,41990,0
Lenovo,Intel,Core i3,4 GB GB,DDR4,256 GB,0 GB,Windows,64-bit,0,Casual,No,Yes,39999,0
ASUS,Intel,Core i3,4 GB GB,DDR4,256 GB,0 GB,Windows,32-bit,0,Casual,No,No,39990,0
Lenovo,Intel,Core i3,4 GB GB,DDR4,256 GB,0 GB,Windows,64-bit,0,Casual,No,No,39998,4.2
HP,Intel,Core i3,4 GB GB,DDR4,256 GB,0 GB,Windows,64-bit,0,ThinNlight,No,Yes,42490,4.4
Lenovo,Intel,Core i3,4 GB GB,DDR4,256 GB,0 GB,Windows,32-bit,0,Casual,No,No,41990,3.7
ASUS,Intel,Core i3,4 GB GB,DDR4,256 GB,0 GB,Windows,32-bit,0,Casual,No,No,48490,0
HP,Intel,Core i3,4 GB GB,DDR4,256 GB,0 GB,Windows,64-bit,0,ThinNlight,No,Yes,44376,4.2
DELL,Intel,Core i3,4 GB GB,DDR4,256 GB,0 GB,Windows,32-bit,0,Casual,No,No,43900,0
DELL,Intel,Core i3,4 GB GB,DDR4,256 GB,0 GB,Windows,64-bit,0,Casual,No,No,46690,0
Lenovo,Intel,Core i3,4 GB GB,DDR4,256 GB,0 GB,Windows,32-bit,0,Casual,No,No,40990,5
DELL,Intel,Core i3,4 GB GB,DDR4,256 GB,0 GB,Windows,64-bit,0,ThinNlight,No,No,39990,4
Lenovo,Intel,Core i3,4 GB GB,DDR4,256 GB,0 GB,Windows,64-bit,0,ThinNlight,No,No,43990,0
ASUS,Intel,Core i3,4 GB GB,DDR4,256 GB,0 GB,Windows,64-bit,0,ThinNlight,No,No,36990,4.5
DELL,Intel,Core i3,8 GB GB,DDR4,256 GB,0 GB,Windows,64-bit,0,Casual,No,No,48500,0
ASUS,Intel,Core i3,8 GB GB,DDR4,256 GB,0 GB,Windows,64-bit,0,Casual,No,No,48990,0
ASUS,Intel,Celeron Dual,4 GB GB,LPDDR4,0 GB,512 GB,Windows,32-bit,0,Casual,No,No,23490,4.2
HP,Intel,Core i3,4 GB GB,DDR4,256 GB,0 GB,Windows,64-bit,0,Casual,Yes,Yes,54238,4.4
ASUS,Intel,Core i3,8 GB GB,DDR4,512 GB,0 GB,Windows,64-bit,0,Casual,No,No,37990,4.3
HP,Intel,Core i3,8 GB GB,DDR4,512 GB,0 GB,Windows,64-bit,0,ThinNlight,No,Yes,42990,4.4
HP,Intel,Core i3,8 GB GB,DDR4,512 GB,0 GB,Windows,64-bit,0,ThinNlight,No,Yes,42990,4.3
ASUS,Intel,Core i3,4 GB GB,DDR4,512 GB,0 GB,Windows,64-bit,0,Casual,No,No,35990,4.4
RedmiBook,Intel,Core i3,8 GB GB,DDR4,512 GB,0 GB,Windows,32-bit,0,ThinNlight,No,No,42990,4.3
ASUS,Intel,Core i3,8 GB GB,DDR4,512 GB,0 GB,Windows,64-bit,0,Casual,No,No,42990,4.3
ASUS,Intel,Core i3,8 GB GB,LPDDR4X,512 GB,0 GB,Windows,32-bit,0,Casual,Yes,Yes,51990,4.7
ASUS,Intel,Core i3,8 GB GB,DDR4,512 GB,0 GB,Windows,64-bit,0,Casual,No,No,48990,4.5
ASUS,Intel,Core i3,8 GB GB,DDR4,512 GB,0 GB,Windows,64-bit,0,Casual,No,No,42990,4.5
Lenovo,Intel,Core i3,8 GB GB,DDR4,512 GB,0 GB,Windows,64-bit,0,ThinNlight,No,No,38990,3.9
DELL,Intel,Core i3,8 GB GB,DDR4,512 GB,0 GB,Windows,64-bit,0,ThinNlight,No,No,45990,4.3
HP,Intel,Core i3,8 GB GB,DDR4,512 GB,0 GB,Windows,64-bit,0,ThinNlight,No,Yes,42490,4.3
HP,Intel,Core i3,8 GB GB,DDR4,512 GB,0 GB,Windows,64-bit,0,ThinNlight,No,Yes,43970,4.3
ASUS,Intel,Core i3,4 GB GB,DDR4,512 GB,0 GB,Windows,64-bit,0,ThinNlight,No,Yes,39990,4.3
MSI,Intel,Core i3,8 GB GB,DDR4,512 GB,0 GB,Windows,64-bit,0,ThinNlight,No,No,48990,4.5
HP,Intel,Core i3,8 GB GB,DDR4,512 GB,0 GB,Windows,64-bit,0,Casual,No,Yes,54990,4.5
MSI,Intel,Core i3,8 GB GB,DDR4,512 GB,0 GB,Windows,64-bit,0,ThinNlight,No,No,40990,4.4
ASUS,Intel,Core i3,8 GB GB,DDR4,512 GB,0 GB,Windows,64-bit,0,ThinNlight,No,Yes,41990,0
Lenovo,Intel,Core i3,8 GB GB,DDR4,512 GB,0 GB,Windows,64-bit,0,ThinNlight,Yes,No,54990,4.5
ASUS,Intel,Core i3,8 GB GB,DDR4,512 GB,0 GB,Windows,64-bit,0,Casual,No,Yes,44990,4.4
HP,Intel,Core i3,8 GB GB,DDR4,512 GB,0 GB,Windows,64-bit,0,Casual,No,No,41250,4.1
HP,Intel,Core i3,8 GB GB,DDR4,512 GB,0 GB,Windows,64-bit,0,ThinNlight,No,No,44990,0
ASUS,Intel,Core i3,8 GB GB,DDR4,512 GB,0 GB,Windows,64-bit,0,Casual,No,No,42990,4.7
DELL,Intel,Core i3,8 GB GB,DDR4,512 GB,0 GB,Windows,64-bit,0,Casual,Yes,No,60790,4.4
HP,Intel,Core i3,8 GB GB,DDR4,512 GB,0 GB,Windows,64-bit,0,Casual,No,No,45650,4.1
DELL,Intel,Core i3,8 GB GB,DDR4,512 GB,0 GB,Windows,64-bit,0,ThinNlight,No,Yes,41990,3.9
DELL,Intel,Core i3,8 GB GB,DDR4,512 GB,0 GB,Windows,64-bit,0,ThinNlight,No,No,45490,4.2
ASUS,Intel,Core i3,8 GB GB,DDR4,512 GB,0 GB,Windows,64-bit,0,ThinNlight,No,Yes,44990,0
Lenovo,Intel,Core i3,8 GB GB,DDR4,512 GB,0 GB,Windows,64-bit,0,ThinNlight,No,Yes,42990,4.4
HP,Intel,Core i3,4 GB GB,DDR4,512 GB,0 GB,Windows,64-bit,0,ThinNlight,No,Yes,45490,4.3
HP,Intel,Core i3,4 GB GB,DDR4,512 GB,0 GB,Windows,32-bit,0,Casual,No,No,38799,4.4
HP,Intel,Core i3,4 GB GB,DDR4,512 GB,0 GB,Windows,64-bit,0,Casual,Yes,Yes,69267,0
ASUS,Intel,Core i3,4 GB GB,DDR4,512 GB,0 GB,Windows,64-bit,0,Casual,No,Yes,51649,0
HP,Intel,Core i3,4 GB GB,DDR4,512 GB,0 GB,Windows,64-bit,0,ThinNlight,No,Yes,47990,4.3
ASUS,Intel,Core i3,4 GB GB,DDR4,512 GB,0 GB,Windows,64-bit,0,Casual,No,No,40990,4.4
ASUS,Intel,Core i3,4 GB GB,DDR4,512 GB,0 GB,Windows,64-bit,0,ThinNlight,No,Yes,42990,4.4
ASUS,Intel,Core i3,4 GB GB,DDR4,512 GB,0 GB,Windows,64-bit,0,Casual,No,No,44890,3.9
ASUS,Intel,Core i3,4 GB GB,DDR4,512 GB,0 GB,Windows,64-bit,0,Casual,No,No,41490,4.4
HP,Intel,Core i3,4 GB GB,DDR4,512 GB,0 GB,Windows,32-bit,0,ThinNlight,No,No,50990,0
HP,Intel,Core i3,4 GB GB,DDR4,512 GB,0 GB,Windows,64-bit,0,ThinNlight,No,Yes,48900,4.3
ASUS,Intel,Core i3,4 GB GB,DDR4,512 GB,0 GB,Windows,64-bit,0,Casual,No,No,40990,4.4
DELL,Intel,Core i3,4 GB GB,DDR4,512 GB,0 GB,Windows,64-bit,0,Casual,No,No,41790,0
Lenovo,Intel,Core i3,4 GB GB,DDR4,512 GB,0 GB,Windows,64-bit,0,Casual,Yes,Yes,57999,3.4
DELL,Intel,Core i3,8 GB GB,DDR4,512 GB,0 GB,Windows,64-bit,0,ThinNlight,No,No,45930,0
HP,Intel,Core i3,8 GB GB,DDR4,512 GB,0 GB,Windows,64-bit,0,Casual,Yes,Yes,55490,4.3
ASUS,Intel,Core i3,8 GB GB,DDR4,0 GB,1024 GB,Windows,64-bit,0,Casual,No,No,32890,3.9
Lenovo,Intel,Core i3,8 GB GB,DDR4,0 GB,1024 GB,Windows,64-bit,0,ThinNlight,No,Yes,35990,4
DELL,Intel,Core i3,8 GB GB,DDR4,0 GB,1024 GB,Windows,64-bit,0,ThinNlight,No,No,42490,4
DELL,Intel,Core i3,8 GB GB,DDR4,0 GB,1024 GB,Windows,64-bit,0,ThinNlight,No,No,42190,3.9
DELL,Intel,Core i3,8 GB GB,DDR4,0 GB,1024 GB,Windows,64-bit,0,ThinNlight,No,Yes,39490,4
HP,Intel,Core i3,8 GB GB,DDR4,0 GB,1024 GB,Windows,64-bit,0,ThinNlight,No,Yes,43690,4.1
ASUS,Intel,Core i3,4 GB GB,DDR4,0 GB,1024 GB,Windows,64-bit,0,Casual,No,No,35990,3.8
DELL,Intel,Core i3,8 GB GB,DDR4,0 GB,1024 GB,Windows,32-bit,0,Casual,No,No,43800,4.2
Lenovo,Intel,Core i3,8 GB GB,DDR4,0 GB,1024 GB,Windows,32-bit,0,Casual,No,No,38990,0
ASUS,Intel,Core i3,4 GB GB,DDR4,0 GB,1024 GB,Windows,64-bit,0,ThinNlight,No,No,34990,3.7
ASUS,Intel,Core i3,8 GB GB,DDR4,0 GB,1024 GB,Windows,64-bit,0,Casual,No,No,38900,3.9
DELL,Intel,Core i3,4 GB GB,DDR4,0 GB,1024 GB,Windows,64-bit,0,ThinNlight,No,No,39990,3.8
DELL,Intel,Core i3,4 GB GB,DDR4,0 GB,1024 GB,Windows,32-bit,0,Casual,No,No,40890,4
Lenovo,Intel,Core i3,4 GB GB,DDR4,0 GB,1024 GB,Windows,64-bit,0,ThinNlight,No,No,36990,3.7
HP,Intel,Core i3,4 GB GB,DDR4,0 GB,1024 GB,Windows,64-bit,0,ThinNlight,No,Yes,39990,3.9
HP,Intel,Core i3,4 GB GB,DDR4,0 GB,1024 GB,Windows,64-bit,0,ThinNlight,No,Yes,41990,4
DELL,Intel,Core i3,4 GB GB,DDR4,0 GB,1024 GB,Windows,32-bit,0,Casual,No,No,43970,3.9
HP,Intel,Core i3,4 GB GB,DDR4,0 GB,1024 GB,Windows,64-bit,0,ThinNlight,No,No,39790,3.9
ASUS,Intel,Core i3,4 GB GB,DDR4,0 GB,1024 GB,Windows,32-bit,0,ThinNlight,No,No,35590,3.4
HP,Intel,Core i3,4 GB GB,DDR4,0 GB,1024 GB,Windows,64-bit,0,ThinNlight,No,Yes,36490,3.8
ASUS,Intel,Core i3,4 GB GB,DDR4,0 GB,1024 GB,Windows,64-bit,0,ThinNlight,No,Yes,38990,4
ASUS,Intel,Core i3,4 GB GB,DDR4,0 GB,1024 GB,Windows,32-bit,0,ThinNlight,No,No,33990,3.7
DELL,Intel,Core i3,4 GB GB,DDR4,0 GB,1024 GB,Windows,64-bit,0,Casual,No,Yes,43400,4.1
ASUS,Intel,Celeron Dual,4 GB GB,LPDDR4,0 GB,512 GB,Windows,32-bit,0,Casual,No,No,24990,4.2
HP,Intel,Core i3,4 GB GB,DDR4,0 GB,1024 GB,Windows,64-bit,0,ThinNlight,No,Yes,40750,4.1
DELL,Intel,Core i3,4 GB GB,DDR4,0 GB,1024 GB,Windows,64-bit,0,ThinNlight,No,Yes,43000,4.1
ASUS,Intel,Core i3,4 GB GB,DDR4,0 GB,1024 GB,Windows,64-bit,0,Casual,No,No,38000,4.7
DELL,Intel,Core i3,8 GB GB,DDR4,0 GB,1024 GB,Windows,64-bit,0,ThinNlight,No,Yes,37990,3.7
HP,Intel,Core i3,8 GB GB,DDR4,0 GB,1024 GB,Windows,64-bit,2,Casual,No,No,49279,4.5
Lenovo,Intel,Core i3,8 GB GB,DDR4,0 GB,1024 GB,Windows,32-bit,0,Casual,No,No,38999,3.6
ASUS,Intel,Core i3,8 GB GB,DDR4,0 GB,1024 GB,Windows,32-bit,0,Casual,No,No,41500,3
acer,Intel,Core i3,4 GB GB,DDR4,0 GB,1024 GB,Windows,32-bit,0,Casual,No,No,36999,0
DELL,Intel,Core i3,8 GB GB,DDR4,0 GB,1024 GB,Windows,32-bit,0,Casual,No,No,42900,0
ASUS,Intel,Celeron Dual,4 GB GB,LPDDR4,0 GB,512 GB,Windows,32-bit,0,Casual,No,No,21490,3.9
DELL,Intel,Core i3,8 GB GB,DDR4,0 GB,1024 GB,Windows,32-bit,0,Casual,No,No,41480,3.8
ASUS,Intel,Core i3,8 GB GB,DDR4,0 GB,1024 GB,Windows,64-bit,0,Casual,No,No,32990,2
ASUS,Intel,Core i3,8 GB GB,DDR4,0 GB,1024 GB,Windows,64-bit,0,Casual,No,No,38680,3.2
ASUS,Intel,Celeron Dual,4 GB GB,LPDDR4,0 GB,512 GB,Windows,32-bit,0,Casual,No,No,23990,4.1
DELL,Intel,Core i3,8 GB GB,DDR4,0 GB,1024 GB,Windows,64-bit,0,ThinNlight,No,No,40390,3.2
ASUS,Intel,Core i3,4 GB GB,DDR4,0 GB,1024 GB,Windows,64-bit,0,ThinNlight,No,No,33990,3.4
ASUS,Intel,Celeron Dual,4 GB GB,LPDDR4,0 GB,512 GB,Windows,32-bit,0,Casual,No,No,20490,3.9
DELL,Intel,Core i3,8 GB GB,DDR4,256 GB,1024 GB,Windows,64-bit,0,ThinNlight,No,Yes,41490,5
DELL,Intel,Core i3,8 GB GB,DDR4,256 GB,1024 GB,Windows,64-bit,0,Casual,No,No,45490,4.3
DELL,Intel,Core i3,8 GB GB,DDR4,256 GB,1024 GB,Windows,64-bit,0,Casual,No,No,44490,4.3
ASUS,Intel,Core i3,8 GB GB,DDR4,256 GB,1024 GB,Windows,64-bit,0,Casual,No,Yes,41890,4.2
DELL,Intel,Core i3,4 GB GB,DDR4,256 GB,1024 GB,Windows,64-bit,0,ThinNlight,No,Yes,42990,4.1
acer,Intel,Core i3,8 GB GB,DDR4,256 GB,1024 GB,Windows,64-bit,0,Casual,No,No,40990,4.2
DELL,Intel,Core i3,8 GB GB,DDR4,256 GB,1024 GB,Windows,64-bit,0,ThinNlight,No,No,48990,4.1
DELL,Intel,Core i3,4 GB GB,DDR4,256 GB,1024 GB,Windows,64-bit,0,ThinNlight,No,Yes,43590,0
DELL,Intel,Core i3,4 GB GB,DDR4,256 GB,1024 GB,Windows,64-bit,0,Casual,No,No,44690,4.3
ASUS,Intel,Core i3,4 GB GB,DDR4,256 GB,1024 GB,Windows,64-bit,0,Casual,No,No,40990,0
DELL,Intel,Core i3,4 GB GB,DDR4,256 GB,1024 GB,Windows,64-bit,0,ThinNlight,No,Yes,43990,0
DELL,Intel,Core i3,4 GB GB,DDR4,256 GB,1024 GB,Windows,64-bit,0,ThinNlight,No,Yes,43590,0
DELL,Intel,Core i3,4 GB GB,DDR4,256 GB,1024 GB,Windows,64-bit,0,ThinNlight,No,Yes,41390,4.2
DELL,Intel,Core i3,4 GB GB,DDR4,256 GB,1024 GB,Windows,64-bit,0,ThinNlight,No,Yes,44290,0
DELL,Intel,Core i3,4 GB GB,DDR4,256 GB,1024 GB,Windows,64-bit,0,Casual,No,No,48999,0
DELL,Intel,Core i3,4 GB GB,DDR4,256 GB,1024 GB,Windows,64-bit,0,ThinNlight,No,Yes,39990,3.9
DELL,Intel,Core i3,8 GB GB,DDR4,256 GB,1024 GB,Windows,64-bit,0,ThinNlight,No,No,46390,2.9
ASUS,Intel,Celeron Dual,4 GB GB,LPDDR4,0 GB,512 GB,Windows,64-bit,0,Casual,No,No,18990,3.6
ASUS,Intel,Celeron Dual,4 GB GB,LPDDR4,0 GB,512 GB,Windows,32-bit,0,Casual,No,No,17990,3.6
HP,Intel,Celeron Dual,4 GB GB,DDR4,0 GB,512 GB,Windows,64-bit,0,Casual,No,No,26470,3.6
HP,Intel,Celeron Dual,4 GB GB,DDR4,0 GB,512 GB,Windows,64-bit,0,Casual,No,No,27990,3.8
Lenovo,Intel,Celeron Dual,4 GB GB,DDR4,0 GB,1024 GB,Windows,32-bit,0,Casual,No,No,29999,3.3
Lenovo,Intel,Celeron Dual,4 GB GB,LPDDR4X,0 GB,512 GB,Windows,64-bit,0,Casual,No,No,25990,3.7
Lenovo,Intel,Celeron Dual,4 GB GB,LPDDR4,0 GB,512 GB,Windows,32-bit,0,Casual,No,No,16990,3.4
Lenovo,Intel,Celeron Dual,4 GB GB,LPDDR4,0 GB,512 GB,Windows,32-bit,0,Casual,No,No,24990,2.8
acer,Intel,Core i5,4 GB GB,DDR4,0 GB,512 GB,Windows,32-bit,0,Casual,No,No,99990,4.5
acer,Intel,Core i5,8 GB GB,DDR5,0 GB,512 GB,Windows,32-bit,4,Casual,No,No,50990,4.4
acer,Intel,Core i5,8 GB GB,LPDDR4,0 GB,512 GB,Windows,32-bit,0,Casual,No,No,119990,4
acer,Intel,Core i5,8 GB GB,LPDDR4,0 GB,512 GB,DOS,32-bit,0,Casual,No,No,94190,4.3
ASUS,Intel,Core i5,8 GB GB,LPDDR4,0 GB,512 GB,DOS,32-bit,4,Casual,No,No,106167,4.5
DELL,Intel,Core i5,8 GB GB,LPDDR4,0 GB,512 GB,DOS,32-bit,4,Casual,No,No,68090,1.6
DELL,Intel,Core i5,8 GB GB,LPDDR4,0 GB,512 GB,DOS,32-bit,0,ThinNlight,No,No,139990,0
HP,Intel,Core i5,8 GB GB,LPDDR4,0 GB,512 GB,DOS,32-bit,0,ThinNlight,No,No,55990,4
HP,Intel,Core i5,8 GB GB,LPDDR4,0 GB,512 GB,DOS,32-bit,4,Casual,No,No,102551,0
lenovo,Intel,Core i5,8 GB GB,LPDDR4,0 GB,512 GB,DOS,32-bit,0,Casual,No,No,72990,4.2
Lenovo,Intel,Core i5,8 GB GB,LPDDR4,0 GB,512 GB,DOS,32-bit,2,Casual,No,No,46990,4.2
MICROSOFT,Intel,Core i5,8 GB GB,LPDDR4X,128 GB,0 GB,Windows,64-bit,0,Casual,Yes,No,100190,4.4
Smartron,Intel,Core i5,8 GB GB,DDR3,128 GB,0 GB,Windows,64-bit,0,Casual,Yes,No,52990,3.5
MICROSOFT,Intel,Core i5,8 GB GB,DDR3,128 GB,0 GB,Windows,64-bit,0,Casual,Yes,No,91999,4.5
Smartron,Intel,Core i5,4 GB GB,DDR3,128 GB,0 GB,Windows,64-bit,0,Casual,Yes,No,52990,3.9
HP,Intel,Core i5,8 GB GB,DDR4,128 GB,0 GB,Windows,64-bit,0,ThinNlight,No,No,76012,4.3
Lenovo,Intel,Core i5,8 GB GB,DDR4,256 GB,0 GB,Windows,64-bit,0,Casual,No,Yes,49490,4.3
lenovo,Intel,Core i5,8 GB GB,LPDDR4,0 GB,512 GB,DOS,32-bit,0,Casual,No,No,102990,4.6
acer,Intel,Core i5,8 GB GB,DDR3,256 GB,0 GB,Windows,64-bit,0,ThinNlight,No,Yes,86867,4.4
LG,Intel,Core i5,8 GB GB,DDR4,256 GB,0 GB,Windows,64-bit,0,Casual,No,No,76990,4.5
LG,Intel,Core i5,8 GB GB,DDR4,256 GB,0 GB,Windows,64-bit,0,ThinNlight,No,No,76990,0
ASUS,Intel,Core i5,8 GB GB,DDR4,256 GB,0 GB,Windows,64-bit,0,ThinNlight,No,No,48990,0
LG,Intel,Core i5,8 GB GB,DDR4,256 GB,0 GB,Windows,64-bit,0,Casual,No,No,62990,4.6
DELL,Intel,Core i5,8 GB GB,DDR4,256 GB,0 GB,Windows,64-bit,0,ThinNlight,No,No,55990,3.3
acer,Intel,Core i5,8 GB GB,DDR3,256 GB,0 GB,Windows,64-bit,0,ThinNlight,Yes,Yes,81998,4
LG,Intel,Core i5,8 GB GB,DDR4,256 GB,0 GB,Windows,64-bit,0,ThinNlight,No,No,76990,0
HP,Intel,Core i5,8 GB GB,DDR4,256 GB,0 GB,Windows,64-bit,0,Casual,Yes,Yes,136590,0
acer,Intel,Core i5,8 GB GB,DDR4,256 GB,0 GB,Windows,64-bit,0,ThinNlight,No,No,59490,3.5
ASUS,Intel,Core i5,8 GB GB,DDR4,256 GB,0 GB,Windows,64-bit,0,ThinNlight,No,No,49800,0
Lenovo,Intel,Core i5,8 GB GB,DDR4,256 GB,0 GB,Windows,64-bit,0,Casual,No,Yes,61999,2.8
HP,Intel,Core i5,8 GB GB,DDR4,512 GB,0 GB,Windows,64-bit,0,ThinNlight,No,No,54990,4.2
HP,Intel,Core i5,8 GB GB,DDR4,512 GB,0 GB,Windows,64-bit,0,ThinNlight,No,No,53990,4.1
Lenovo,Intel,Core i5,8 GB GB,DDR4,512 GB,0 GB,Windows,64-bit,0,Casual,No,Yes,52990,4.2
HP,Intel,Core i5,16 GB GB,DDR4,512 GB,0 GB,Windows,64-bit,0,ThinNlight,No,Yes,67990,4.5
ASUS,Intel,Core i5,8 GB GB,DDR4,512 GB,0 GB,Windows,64-bit,4,Gaming,No,No,57990,4.5
Lenovo,Intel,Core i5,16 GB GB,DDR4,512 GB,0 GB,Windows,64-bit,0,ThinNlight,No,Yes,62300,4.4
realme,Intel,Core i5,8 GB GB,DDR4,512 GB,0 GB,Windows,64-bit,0,Casual,No,Yes,52990,4.4
Lenovo,Intel,Core i5,8 GB GB,DDR4,512 GB,0 GB,Windows,64-bit,0,ThinNlight,No,No,52990,0
Lenovo,Intel,Core i5,8 GB GB,DDR4,512 GB,0 GB,Windows,64-bit,0,ThinNlight,No,Yes,51990,4.2
Lenovo,Intel,Core i5,16 GB GB,DDR4,512 GB,0 GB,Windows,64-bit,0,ThinNlight,No,No,61990,4.2
RedmiBook,Intel,Core i5,8 GB GB,DDR4,512 GB,0 GB,Windows,32-bit,0,ThinNlight,No,No,48990,4.2
ASUS,Intel,Core i5,8 GB GB,LPDDR4X,512 GB,0 GB,Windows,32-bit,0,Casual,Yes,Yes,63990,4.6
Lenovo,Intel,Core i5,8 GB GB,DDR4,512 GB,0 GB,Windows,64-bit,0,Casual,No,Yes,65990,4.6
Nokia,Intel,Core i5,8 GB GB,DDR4,512 GB,0 GB,Windows,64-bit,0,ThinNlight,No,No,47990,4.4
acer,Intel,Core i5,8 GB GB,DDR4,512 GB,0 GB,Windows,64-bit,0,ThinNlight,No,No,52990,4.2
Lenovo,Intel,Core i5,8 GB GB,DDR4,512 GB,0 GB,Windows,64-bit,0,ThinNlight,No,No,49990,0
ASUS,Intel,Core i5,8 GB GB,DDR4,512 GB,0 GB,Windows,64-bit,4,Gaming,No,No,71990,4.4
ASUS,Intel,Core i5,8 GB GB,DDR4,512 GB,0 GB,Windows,64-bit,0,Casual,No,No,47990,4
Nokia,Intel,Core i5,8 GB GB,DDR4,512 GB,0 GB,Windows,64-bit,0,ThinNlight,No,No,45990,4.7
Lenovo,Intel,Core i5,8 GB GB,DDR4,512 GB,0 GB,Windows,32-bit,0,ThinNlight,No,Yes,48490,4.3
ASUS,Intel,Core i5,8 GB GB,DDR4,512 GB,0 GB,Windows,64-bit,4,Gaming,No,No,72990,4.5
MSI,Intel,Core i5,16 GB GB,DDR4,512 GB,0 GB,Windows,64-bit,4,Casual,No,No,76990,4.6
ASUS,Intel,Core i5,16 GB GB,DDR4,512 GB,0 GB,Windows,64-bit,6,Gaming,No,Yes,89990,4.6
MSI,Intel,Core i5,8 GB GB,DDR4,512 GB,0 GB,Windows,64-bit,4,Casual,No,No,59990,4.5
ASUS,Intel,Core i5,8 GB GB,DDR4,512 GB,0 GB,Windows,64-bit,4,Gaming,No,Yes,65990,4.4
DELL,Intel,Core i5,8 GB GB,DDR4,512 GB,0 GB,Windows,64-bit,0,Casual,Yes,No,71990,4.7
DELL,Intel,Core i5,8 GB GB,DDR4,512 GB,0 GB,Windows,64-bit,0,Casual,Yes,No,71890,4.3
Lenovo,Intel,Core i5,16 GB GB,DDR4,512 GB,0 GB,Windows,64-bit,0,ThinNlight,No,No,64990,0
ASUS,Intel,Core i5,16 GB GB,DDR4,512 GB,0 GB,Windows,64-bit,0,Casual,No,No,65990,0
HP,Intel,Core i5,8 GB GB,DDR4,512 GB,0 GB,Windows,64-bit,0,ThinNlight,No,No,55999,4.8
ASUS,Intel,Core i5,16 GB GB,DDR4,512 GB,0 GB,Windows,64-bit,4,Casual,No,No,73490,4.5
HP,Intel,Core i5,16 GB GB,DDR4,512 GB,0 GB,Windows,64-bit,0,ThinNlight,No,Yes,74490,4.3
HP,Intel,Core i5,8 GB GB,DDR4,512 GB,0 GB,Windows,64-bit,0,ThinNlight,No,Yes,58340,4
acer,Intel,Core i5,8 GB GB,DDR4,512 GB,0 GB,Windows,64-bit,0,ThinNlight,No,No,55999,4.5
DELL,Intel,Core i5,16 GB GB,DDR4,512 GB,0 GB,Windows,64-bit,0,ThinNlight,No,No,67990,4.4
ASUS,Intel,Core i5,16 GB GB,DDR4,512 GB,0 GB,Windows,64-bit,0,Casual,No,No,59990,4.5
ASUS,Intel,Core i5,16 GB GB,DDR4,512 GB,0 GB,Windows,64-bit,6,Casual,No,Yes,82990,4.4
DELL,Intel,Core i5,8 GB GB,DDR4,512 GB,0 GB,Windows,64-bit,2,Casual,No,Yes,64190,0
DELL,Intel,Core i5,16 GB GB,DDR4,512 GB,0 GB,Windows,64-bit,0,ThinNlight,No,No,70090,4
realme,Intel,Core i5,8 GB GB,DDR4,512 GB,0 GB,Windows,64-bit,0,Casual,No,Yes,60999,4.4
ASUS,Intel,Core i5,8 GB GB,DDR4,512 GB,0 GB,Windows,64-bit,2,ThinNlight,No,No,49990,4.1
MSI,Intel,Core i5,8 GB GB,DDR4,512 GB,0 GB,Windows,64-bit,0,ThinNlight,No,No,55490,3.9
HP,Intel,Core i5,8 GB GB,LPDDR4X,512 GB,0 GB,Windows,64-bit,0,Casual,Yes,No,97990,5
ASUS,Intel,Core i5,8 GB GB,DDR4,512 GB,0 GB,Windows,64-bit,4,Gaming,No,Yes,54990,4.4
Lenovo,Intel,Core i5,8 GB GB,DDR4,512 GB,0 GB,Windows,64-bit,0,ThinNlight,No,Yes,59990,4.3
Lenovo,Intel,Core i5,8 GB GB,DDR4,512 GB,0 GB,Windows,64-bit,0,ThinNlight,No,Yes,53990,4.2
HP,Intel,Core i5,16 GB GB,DDR4,512 GB,0 GB,Windows,64-bit,0,ThinNlight,No,Yes,66999,4.4
acer,Intel,Core i5,8 GB GB,LPDDR4X,512 GB,0 GB,Windows,64-bit,0,ThinNlight,No,Yes,60990,4.4
ASUS,Intel,Core i5,8 GB GB,DDR4,512 GB,0 GB,Windows,64-bit,0,ThinNlight,No,Yes,47990,4.3
HP,Intel,Core i5,8 GB GB,DDR4,512 GB,0 GB,Windows,32-bit,0,ThinNlight,No,Yes,59999,4
DELL,Intel,Core i5,16 GB GB,DDR4,512 GB,0 GB,Windows,64-bit,4,Casual,No,No,79990,0
ASUS,Intel,Core i5,8 GB GB,DDR4,512 GB,0 GB,Windows,64-bit,4,Gaming,No,No,63990,0
HP,Intel,Core i5,8 GB GB,DDR4,512 GB,0 GB,Windows,64-bit,0,ThinNlight,No,Yes,63990,4.7
ASUS,Intel,Core i5,16 GB GB,DDR4,512 GB,0 GB,Windows,64-bit,0,Casual,No,No,59990,0
Lenovo,Intel,Core i5,8 GB GB,DDR4,512 GB,0 GB,Windows,64-bit,0,ThinNlight,No,No,55990,0
ASUS,Intel,Core i5,16 GB GB,DDR4,512 GB,0 GB,Windows,64-bit,0,Casual,No,No,59990,0
HP,Intel,Core i5,8 GB GB,DDR4,512 GB,0 GB,Windows,64-bit,0,ThinNlight,No,Yes,63990,4.7
DELL,Intel,Core i5,16 GB GB,DDR4,512 GB,0 GB,Windows,64-bit,2,Casual,No,Yes,69490,0
DELL,Intel,Core i5,16 GB GB,DDR4,512 GB,0 GB,Windows,64-bit,0,Casual,Yes,Yes,89390,0
ASUS,Intel,Core i5,8 GB GB,LPDDR4X,512 GB,0 GB,Windows,64-bit,0,ThinNlight,No,No,74990,0
Lenovo,Intel,Core i5,8 GB GB,DDR4,512 GB,0 GB,Windows,64-bit,0,Casual,Yes,Yes,64990,4
Lenovo,Intel,Core i5,8 GB GB,DDR4,512 GB,0 GB,Windows,64-bit,4,Casual,No,Yes,66490,4.4
DELL,Intel,Core i5,16 GB GB,DDR4,512 GB,0 GB,Windows,64-bit,2,Casual,No,Yes,89702,0
Lenovo,Intel,Core i5,16 GB GB,DDR4,512 GB,0 GB,Windows,64-bit,2,Casual,No,Yes,70990,4.2
Infinix,Intel,Core i5,8 GB GB,LPDDR4X,512 GB,0 GB,Windows,64-bit,0,ThinNlight,No,No,42490,4.1
ASUS,Intel,Core i5,16 GB GB,DDR4,512 GB,0 GB,Windows,64-bit,0,Casual,Yes,Yes,58990,0
Lenovo,Intel,Core i5,8 GB GB,DDR4,512 GB,0 GB,Windows,64-bit,2,Casual,No,Yes,57500,0
DELL,Intel,Core i5,8 GB GB,DDR4,512 GB,0 GB,Windows,64-bit,2,Casual,Yes,Yes,79990,4.6
MSI,Intel,Core i5,8 GB GB,DDR4,512 GB,0 GB,Windows,64-bit,0,Casual,No,No,56541,4.4
ASUS,Intel,Core i5,16 GB GB,DDR4,512 GB,0 GB,Windows,64-bit,0,ThinNlight,No,No,59990,3.3
Lenovo,Intel,Core i5,16 GB GB,DDR4,512 GB,0 GB,Windows,64-bit,0,Casual,No,Yes,64990,4.4
DELL,Intel,Core i5,8 GB GB,DDR4,512 GB,0 GB,Windows,64-bit,0,ThinNlight,No,No,61290,3
Lenovo,Intel,Core i5,8 GB GB,DDR4,512 GB,0 GB,Windows,64-bit,0,ThinNlight,No,Yes,54990,4.2
Lenovo,Intel,Core i5,8 GB GB,DDR4,512 GB,0 GB,Windows,64-bit,0,Casual,No,Yes,59990,4.4
ASUS,Intel,Core i5,8 GB GB,DDR4,512 GB,0 GB,Windows,32-bit,6,Casual,No,No,84990,5
HP,Intel,Core i5,8 GB GB,DDR4,512 GB,0 GB,Windows,64-bit,0,ThinNlight,No,Yes,72500,4.4
Lenovo,Intel,Core i5,8 GB GB,DDR4,512 GB,0 GB,Windows,64-bit,4,Gaming,No,No,59990,3.9
Lenovo,Intel,Core i5,8 GB GB,DDR4,512 GB,0 GB,Windows,64-bit,0,Casual,Yes,Yes,87990,4.7
HP,Intel,Core i5,8 GB GB,DDR4,512 GB,0 GB,Windows,64-bit,0,ThinNlight,No,No,57990,4.3
DELL,Intel,Core i5,8 GB GB,DDR4,512 GB,0 GB,Windows,64-bit,0,ThinNlight,No,Yes,69490,4.2
Lenovo,Intel,Core i5,8 GB GB,DDR4,512 GB,0 GB,Windows,64-bit,0,Casual,Yes,Yes,68990,4.6
Lenovo,Intel,Core i5,8 GB GB,DDR4,512 GB,0 GB,Windows,32-bit,0,Casual,No,Yes,77990,4.3
ASUS,Intel,Core i5,8 GB GB,LPDDR4X,512 GB,0 GB,Windows,64-bit,0,Casual,Yes,No,105990,4.4
MSI,Intel,Core i5,8 GB GB,LPDDR4X,512 GB,0 GB,Windows,64-bit,0,Casual,No,No,79990,0
DELL,Intel,Core i5,8 GB GB,DDR4,512 GB,0 GB,Windows,64-bit,0,ThinNlight,No,Yes,55490,4.1
Lenovo,Intel,Core i5,8 GB GB,DDR4,512 GB,0 GB,Windows,64-bit,0,ThinNlight,No,Yes,69990,4.6
ASUS,Intel,Core i5,8 GB GB,DDR4,512 GB,0 GB,Windows,64-bit,0,Casual,Yes,Yes,84990,4.2
DELL,Intel,Core i5,8 GB GB,DDR4,512 GB,0 GB,Windows,64-bit,0,ThinNlight,No,No,59990,3.8
DELL,Intel,Core i5,8 GB GB,LPDDR4X,512 GB,0 GB,Windows,64-bit,0,ThinNlight,No,Yes,111890,0
DELL,Intel,Core i5,8 GB GB,DDR4,512 GB,0 GB,Windows,64-bit,2,Casual,No,No,65990,4.3
ASUS,Intel,Core i5,8 GB GB,LPDDR4X,512 GB,0 GB,Windows,32-bit,0,Casual,No,Yes,72990,4.7
DELL,Intel,Core i5,8 GB GB,DDR4,512 GB,0 GB,Windows,64-bit,0,ThinNlight,No,Yes,71090,4.1
MSI,Intel,Core i5,8 GB GB,DDR4,512 GB,0 GB,Windows,64-bit,4,Casual,No,No,74990,0
ASUS,Intel,Core i5,8 GB GB,LPDDR3,512 GB,0 GB,Windows,64-bit,0,Casual,No,Yes,79990,4.4
MSI,Intel,Core i5,8 GB GB,DDR4,512 GB,0 GB,Windows,64-bit,0,Casual,No,No,55490,4.3
DELL,Intel,Core i5,8 GB GB,DDR4,512 GB,0 GB,Windows,64-bit,2,ThinNlight,No,Yes,66490,4.1
ASUS,Intel,Core i5,8 GB GB,DDR4,512 GB,0 GB,Windows,64-bit,0,Casual,No,Yes,53400,4.1
DELL,Intel,Core i5,8 GB GB,DDR4,512 GB,0 GB,Windows,64-bit,0,Casual,Yes,Yes,74500,4.4
DELL,Intel,Core i5,8 GB GB,LPDDR4X,512 GB,0 GB,Windows,64-bit,0,ThinNlight,No,Yes,114990,0
DELL,Intel,Core i5,8 GB GB,DDR4,512 GB,0 GB,Windows,64-bit,2,ThinNlight,No,No,61990,4.1
APPLE,Intel,Core i5,8 GB GB,LPDDR4X,512 GB,0 GB,Mac,64-bit,0,Casual,No,No,159990,4.4
APPLE,Intel,Core i5,8 GB GB,DDR3,512 GB,0 GB,Mac,64-bit,0,Casual,No,No,172090,4.2
MSI,Intel,Core i5,8 GB GB,DDR4,512 GB,0 GB,Windows,64-bit,4,Casual,No,No,74990,0
MSI,Intel,Core i5,8 GB GB,DDR4,512 GB,0 GB,Windows,64-bit,0,Casual,No,No,56490,4.5
Lenovo,Intel,Core i5,8 GB GB,DDR4,512 GB,0 GB,Windows,64-bit,0,ThinNlight,No,No,147000,0
Lenovo,Intel,Core i5,8 GB GB,DDR4,512 GB,0 GB,Windows,64-bit,0,ThinNlight,No,Yes,55990,4.2
HP,Intel,Core i5,8 GB GB,DDR4,512 GB,0 GB,Windows,64-bit,4,Gaming,No,Yes,77990,0
HP,Intel,Core i5,8 GB GB,DDR4,512 GB,0 GB,Windows,64-bit,4,Casual,No,Yes,106490,4.7
Lenovo,Intel,Core i5,8 GB GB,DDR4,512 GB,0 GB,Windows,32-bit,2,Casual,No,Yes,70990,4.6
Lenovo,Intel,Core i5,8 GB GB,DDR4,512 GB,0 GB,Windows,64-bit,0,Casual,No,Yes,64990,4.4
acer,Intel,Core i5,8 GB GB,DDR4,512 GB,0 GB,Windows,64-bit,0,Casual,No,No,57990,0
ASUS,Intel,Core i5,8 GB GB,DDR4,512 GB,0 GB,Windows,64-bit,4,Gaming,No,No,64990,4.5
MSI,Intel,Core i5,8 GB GB,DDR4,512 GB,0 GB,Windows,64-bit,0,Casual,No,No,54990,4.4
Vaio,Intel,Core i5,8 GB GB,DDR4,512 GB,0 GB,Windows,64-bit,0,ThinNlight,No,Yes,62890,4
HP,Intel,Core i5,8 GB GB,LPDDR4X,512 GB,0 GB,Windows,64-bit,0,Casual,Yes,No,111999,0
Lenovo,Intel,Core i5,8 GB GB,LPDDR4X,512 GB,0 GB,Windows,64-bit,2,Casual,No,Yes,70798,4
Lenovo,Intel,Core i5,8 GB GB,DDR4,512 GB,0 GB,Windows,64-bit,4,Casual,No,No,59990,3.8
acer,Intel,Core i5,8 GB GB,DDR4,512 GB,0 GB,Windows,64-bit,4,Casual,No,No,99500,0
HP,Intel,Core i5,8 GB GB,DDR4,512 GB,0 GB,Windows,64-bit,0,ThinNlight,No,Yes,55990,4.2
ASUS,Intel,Core i5,8 GB GB,LPDDR3,512 GB,0 GB,Windows,64-bit,0,ThinNlight,No,No,72990,4.2
acer,Intel,Core i5,8 GB GB,DDR3,512 GB,0 GB,Windows,64-bit,0,ThinNlight,No,No,64990,3.8
ASUS,Intel,Core i5,8 GB GB,DDR4,512 GB,0 GB,Windows,64-bit,0,ThinNlight,No,No,57990,0
HP,Intel,Core i5,8 GB GB,DDR4,512 GB,0 GB,Windows,64-bit,2,Casual,Yes,Yes,76990,4.4
Lenovo,Intel,Core i5,8 GB GB,DDR4,512 GB,0 GB,Windows,64-bit,0,Casual,No,Yes,62998,4.3
DELL,Intel,Core i5,8 GB GB,DDR4,512 GB,0 GB,Windows,64-bit,0,Casual,Yes,Yes,77990,4.5
HP,Intel,Core i5,8 GB GB,DDR4,512 GB,0 GB,Windows,64-bit,0,Casual,Yes,Yes,114990,4.4
DELL,Intel,Core i5,8 GB GB,DDR4,512 GB,0 GB,Windows,64-bit,2,Casual,No,Yes,65990,0
DELL,Intel,Core i5,8 GB GB,DDR4,512 GB,0 GB,Windows,64-bit,2,Casual,No,Yes,88990,3.8
Lenovo,Intel,Core i5,8 GB GB,DDR4,512 GB,0 GB,Windows,64-bit,0,Casual,No,No,113590,0
Mi,Intel,Core i5,8 GB GB,DDR4,512 GB,0 GB,Windows,64-bit,2,Casual,No,No,54990,4.3
ASUS,Intel,Core i5,8 GB GB,LPDDR4X,512 GB,0 GB,Windows,64-bit,0,Casual,Yes,Yes,73990,4.2
LG,Intel,Core i5,8 GB GB,DDR4,512 GB,0 GB,Windows,64-bit,0,ThinNlight,No,No,86990,0
HP,Intel,Core i5,8 GB GB,DDR4,512 GB,0 GB,Windows,64-bit,0,ThinNlight,No,Yes,61000,4.3
ASUS,Intel,Core i5,8 GB GB,LPDDR4X,512 GB,0 GB,Windows,64-bit,0,Casual,Yes,No,99990,4.9
Lenovo,Intel,Core i5,8 GB GB,DDR4,512 GB,0 GB,Windows,64-bit,0,ThinNlight,No,Yes,67990,4.8
DELL,Intel,Core i5,8 GB GB,DDR4,512 GB,0 GB,Windows,64-bit,0,Casual,Yes,Yes,70799,4.7
Lenovo,Intel,Core i5,8 GB GB,DDR4,512 GB,0 GB,Windows,64-bit,0,ThinNlight,No,Yes,65990,4.1
ASUS,Intel,Core i5,8 GB GB,DDR4,512 GB,0 GB,Windows,64-bit,0,ThinNlight,No,No,53690,4.4
MSI,Intel,Core i5,8 GB GB,DDR4,512 GB,0 GB,Windows,64-bit,0,ThinNlight,No,No,55990,0
ASUS,Intel,Core i5,8 GB GB,DDR4,512 GB,0 GB,Windows,64-bit,0,Casual,No,Yes,53190,4.5
Lenovo,Intel,Core i5,8 GB GB,DDR4,512 GB,0 GB,Windows,32-bit,2,Casual,No,Yes,58999,4.4
DELL,Intel,Core i5,8 GB GB,DDR4,512 GB,0 GB,Windows,64-bit,2,ThinNlight,No,No,71990,0
HP,Intel,Core i5,8 GB GB,DDR4,512 GB,0 GB,Windows,32-bit,4,Casual,No,No,82000,0
ASUS,Intel,Core i5,8 GB GB,LPDDR4X,512 GB,0 GB,Windows,64-bit,0,ThinNlight,No,No,84990,0
Lenovo,Intel,Core i5,8 GB GB,DDR4,512 GB,0 GB,Windows,64-bit,2,Casual,No,No,89998,0
ASUS,Intel,Core i5,8 GB GB,LPDDR4X,512 GB,0 GB,Windows,64-bit,0,Casual,Yes,No,99990,0
ASUS,Intel,Core i5,8 GB GB,LPDDR4X,512 GB,0 GB,Windows,64-bit,0,ThinNlight,No,No,84990,0
Lenovo,Intel,Core i5,8 GB GB,DDR4,512 GB,0 GB,Windows,64-bit,4,Gaming,No,No,69899,4.3
DELL,Intel,Core i5,8 GB GB,DDR4,512 GB,0 GB,Windows,64-bit,4,Casual,No,No,79990,0
DELL,Intel,Core i5,8 GB GB,DDR4,512 GB,0 GB,Windows,64-bit,4,Casual,No,No,76300,4.2
Lenovo,Intel,Core i5,8 GB GB,DDR4,512 GB,0 GB,Windows,64-bit,0,Casual,No,Yes,55999,0
DELL,Intel,Core i5,8 GB GB,DDR4,512 GB,0 GB,Windows,64-bit,0,ThinNlight,No,No,72900,3.9
DELL,Intel,Core i5,8 GB GB,DDR4,512 GB,0 GB,Windows,64-bit,0,Casual,Yes,Yes,73990,4.5
ASUS,Intel,Core i5,8 GB GB,LPDDR4,512 GB,0 GB,Windows,64-bit,0,ThinNlight,No,No,84990,0
DELL,Intel,Core i5,8 GB GB,DDR4,512 GB,0 GB,Windows,32-bit,2,Casual,No,No,73519,0
HP,Intel,Core i5,8 GB GB,DDR4,512 GB,0 GB,Windows,64-bit,0,Casual,Yes,No,126000,5
lenovo,Intel,Core i5,8 GB GB,LPDDR4,0 GB,512 GB,DOS,32-bit,0,Casual,No,No,171998,0
ASUS,Intel,Core i5,8 GB GB,DDR4,512 GB,0 GB,Windows,64-bit,6,Casual,No,No,88990,0
HP,Intel,Core i5,8 GB GB,DDR4,512 GB,0 GB,Windows,64-bit,0,ThinNlight,Yes,Yes,114999,0
DELL,Intel,Core i5,8 GB GB,DDR4,512 GB,0 GB,Windows,64-bit,2,Casual,Yes,Yes,82990,4.5
acer,Intel,Core i5,8 GB GB,DDR4,512 GB,0 GB,Windows,64-bit,0,ThinNlight,Yes,No,109999,0
Lenovo,Intel,Core i5,8 GB GB,DDR4,512 GB,0 GB,Windows,64-bit,0,ThinNlight,Yes,Yes,82990,0
DELL,Intel,Core i5,8 GB GB,DDR4,512 GB,0 GB,Windows,64-bit,2,Casual,Yes,Yes,79990,4.8
ASUS,Intel,Core i5,8 GB GB,LPDDR4X,512 GB,0 GB,Windows,64-bit,0,Casual,Yes,No,114990,0
HP,Intel,Core i5,8 GB GB,LPDDR4X,512 GB,0 GB,Windows,64-bit,0,Casual,Yes,No,129999,0
MSI,Intel,Core i5,8 GB GB,DDR5,512 GB,0 GB,Windows,32-bit,6,Casual,No,No,149990,4.1
DELL,Intel,Core i5,8 GB GB,DDR4,512 GB,0 GB,Windows,64-bit,2,Casual,No,No,71290,0
DELL,Intel,Core i5,8 GB GB,DDR4,512 GB,0 GB,Windows,64-bit,0,ThinNlight,No,Yes,79500,4.3
DELL,Intel,Core i5,8 GB GB,DDR4,512 GB,0 GB,Windows,64-bit,2,Casual,No,Yes,82990,3.7
DELL,Intel,Core i5,8 GB GB,DDR4,512 GB,0 GB,Windows,64-bit,2,Casual,No,Yes,70980,4.4
ASUS,Intel,Core i5,8 GB GB,LPDDR4X,512 GB,0 GB,Windows,64-bit,0,Casual,Yes,No,99990,0
HP,Intel,Core i5,8 GB GB,DDR4,512 GB,0 GB,Windows,32-bit,0,Casual,No,No,94000,0
DELL,Intel,Core i5,8 GB GB,DDR4,512 GB,0 GB,Windows,64-bit,2,Casual,Yes,No,82990,4.4
MSI,Intel,Core i5,8 GB GB,LPDDR4X,512 GB,0 GB,Windows,64-bit,0,Casual,No,No,79990,4.9
ASUS,Intel,Core i5,8 GB GB,DDR4,512 GB,0 GB,Windows,64-bit,0,ThinNlight,No,No,85990,0
ASUS,Intel,Core i5,8 GB GB,DDR4,512 GB,0 GB,Windows,64-bit,2,Casual,No,No,86990,0
ASUS,Intel,Core i5,8 GB GB,LPDDR3,512 GB,0 GB,Windows,64-bit,2,Casual,No,Yes,105990,5
ASUS,Intel,Core i5,8 GB GB,LPDDR3,512 GB,0 GB,Windows,64-bit,0,Casual,No,No,84990,0
Lenovo,Intel,Core i5,8 GB GB,DDR4,512 GB,0 GB,Windows,64-bit,2,Casual,No,Yes,59999,4.4
Lenovo,Intel,Core i5,8 GB GB,DDR4,512 GB,0 GB,Windows,64-bit,0,Casual,No,Yes,91999,4.6
DELL,Intel,Core i5,8 GB GB,DDR4,512 GB,0 GB,Windows,64-bit,0,Casual,Yes,Yes,78900,3.6
ASUS,Intel,Core i5,8 GB GB,LPDDR3,512 GB,0 GB,Windows,64-bit,0,Casual,No,No,132790,0
Nokia,Intel,Core i5,16 GB GB,DDR4,512 GB,0 GB,Windows,64-bit,0,ThinNlight,No,No,55990,4.1
Lenovo,Intel,Core i5,8 GB GB,DDR4,512 GB,0 GB,Windows,64-bit,4,Gaming,No,No,60990,3.9
Avita,Intel,Core i5,8 GB GB,DDR4,512 GB,0 GB,Windows,64-bit,0,ThinNlight,No,No,65556,0
DELL,Intel,Core i5,16 GB GB,DDR4,512 GB,0 GB,Windows,64-bit,0,ThinNlight,No,No,70190,3.5
DELL,Intel,Core i5,8 GB GB,DDR4,512 GB,0 GB,Windows,64-bit,2,Casual,Yes,No,79590,0
Avita,Intel,Core i5,8 GB GB,DDR4,512 GB,0 GB,Windows,64-bit,0,ThinNlight,No,No,65556,0
ASUS,Intel,Core i5,8 GB GB,DDR4,512 GB,0 GB,Windows,64-bit,4,Casual,No,No,76990,0
Nokia,Intel,Core i5,8 GB GB,DDR4,512 GB,0 GB,Windows,64-bit,0,ThinNlight,No,No,52790,4
Avita,Intel,Core i5,8 GB GB,DDR4,512 GB,0 GB,Windows,64-bit,0,ThinNlight,No,No,65556,0
Avita,Intel,Core i5,8 GB GB,DDR4,512 GB,0 GB,Windows,64-bit,0,ThinNlight,No,No,44990,3.4
ASUS,Intel,Core i5,8 GB GB,DDR4,512 GB,0 GB,Windows,64-bit,0,Casual,Yes,Yes,84990,3.9
Lenovo,Intel,Core i5,8 GB GB,DDR4,512 GB,0 GB,Windows,64-bit,2,Casual,Yes,Yes,86999,4.7
HP,Intel,Core i5,16 GB GB,DDR4,512 GB,0 GB,Windows,64-bit,2,Casual,No,No,78000,4.4
Avita,Intel,Core i5,8 GB GB,DDR4,512 GB,0 GB,Windows,64-bit,0,ThinNlight,No,No,73063,3.4
Avita,Intel,Core i5,8 GB GB,DDR4,512 GB,0 GB,Windows,64-bit,0,ThinNlight,No,No,73063,3.4
HP,Intel,Core i5,16 GB GB,DDR4,512 GB,0 GB,Windows,64-bit,4,Casual,No,Yes,100990,0
Lenovo,Intel,Core i5,8 GB GB,DDR4,512 GB,0 GB,Windows,64-bit,0,ThinNlight,No,Yes,74990,3.3
ASUS,Intel,Core i5,8 GB GB,DDR4,512 GB,0 GB,Windows,64-bit,4,Casual,No,No,75990,4.6
Lenovo,Intel,Core i5,8 GB GB,DDR4,512 GB,0 GB,Windows,32-bit,2,Casual,No,Yes,84086,3.5
ASUS,Intel,Core i5,8 GB GB,DDR4,1024 GB,0 GB,Windows,64-bit,4,Gaming,No,No,75990,4.5
ASUS,Intel,Core i5,8 GB GB,DDR4,1024 GB,0 GB,Windows,64-bit,4,Gaming,No,Yes,77990,4.4
ASUS,Intel,Core i5,8 GB GB,DDR4,1024 GB,0 GB,Windows,64-bit,4,Casual,No,No,77990,4.5
APPLE,Intel,Core i5,16 GB GB,LPDDR4X,1024 GB,0 GB,Mac,64-bit,0,Casual,No,No,179990,4.7
APPLE,Intel,Core i5,16 GB GB,LPDDR4X,1024 GB,0 GB,Mac,64-bit,0,Casual,No,No,179990,4.8
ASUS,Intel,Core i5,8 GB GB,DDR4,1024 GB,0 GB,Windows,64-bit,4,Casual,No,No,82990,4.5
ASUS,Intel,Core i5,8 GB GB,DDR4,1024 GB,0 GB,Windows,64-bit,4,Casual,No,No,87990,0
ASUS,Intel,Core i5,8 GB GB,DDR4,1024 GB,0 GB,Windows,64-bit,4,Casual,No,No,84500,4.3
DELL,Intel,Core i5,8 GB GB,LPDDR4X,1024 GB,0 GB,Windows,64-bit,0,ThinNlight,No,No,74190,4.5
Lenovo,Intel,Core i5,8 GB GB,DDR4,1024 GB,0 GB,Windows,64-bit,0,ThinNlight,No,Yes,64990,3
Lenovo,Intel,Core i5,8 GB GB,DDR4,512 GB,512 GB,Windows,64-bit,0,ThinNlight,Yes,No,155411,0
Lenovo,Intel,Core i5,8 GB GB,DDR4,512 GB,512 GB,Windows,64-bit,0,ThinNlight,Yes,No,125394,0
acer,Intel,Core i5,8 GB GB,DDR4,0 GB,1024 GB,Windows,64-bit,0,Casual,No,No,49990,0
acer,Intel,Core i5,8 GB GB,DDR4,0 GB,1024 GB,Windows,64-bit,0,ThinNlight,No,No,46990,3.8
DELL,Intel,Core i5,8 GB GB,DDR4,0 GB,1024 GB,Windows,64-bit,0,ThinNlight,No,Yes,48990,3.6
acer,Intel,Core i5,8 GB GB,DDR4,0 GB,1024 GB,Windows,64-bit,2,Casual,No,Yes,59999,4.1
ASUS,Intel,Core i5,8 GB GB,DDR4,0 GB,1024 GB,Windows,64-bit,0,ThinNlight,No,No,46990,4
MSI,Intel,Core i5,8 GB GB,DDR4,0 GB,1024 GB,Windows,64-bit,4,Casual,No,No,52990,4.1
Lenovo,Intel,Core i5,8 GB GB,DDR4,0 GB,1024 GB,Windows,32-bit,2,Casual,No,No,57999,0
Lenovo,Intel,Core i5,8 GB GB,DDR3,0 GB,1024 GB,Windows,64-bit,0,Casual,No,No,52490,3.8
Lenovo,Intel,Core i5,8 GB GB,DDR4,0 GB,1024 GB,Windows,64-bit,4,Casual,No,No,56990,4
acer,Intel,Core i5,8 GB GB,DDR4,0 GB,1024 GB,Windows,64-bit,2,ThinNlight,No,No,61990,4.1
DELL,Intel,Core i5,8 GB GB,DDR4,0 GB,1024 GB,Windows,32-bit,0,Casual,No,No,58090,0
ASUS,Intel,Core i5,8 GB GB,DDR4,0 GB,1024 GB,Windows,64-bit,0,Casual,No,No,56990,0
acer,Intel,Core i5,8 GB GB,DDR4,0 GB,1024 GB,Windows,64-bit,0,ThinNlight,No,No,61597,0
ASUS,Intel,Core i5,8 GB GB,DDR4,0 GB,1024 GB,Windows,64-bit,0,ThinNlight,No,No,81990,0
ASUS,Intel,Core i5,8 GB GB,DDR4,0 GB,1024 GB,Windows,64-bit,0,Casual,No,No,61249,0
DELL,Intel,Core i5,8 GB GB,DDR4,0 GB,1024 GB,Windows,32-bit,0,Casual,No,No,58990,0
ASUS,Intel,Core i5,8 GB GB,DDR4,0 GB,1024 GB,Windows,64-bit,2,Casual,No,No,83990,0
MSI,Intel,Core i5,8 GB GB,LPDDR4,0 GB,512 GB,DOS,32-bit,6,Casual,No,No,291190,4.6
MSI,Intel,Core i5,8 GB GB,LPDDR4,0 GB,512 GB,DOS,32-bit,6,Casual,No,No,145990,4.5
MSI,Intel,Core i5,8 GB GB,LPDDR4,0 GB,512 GB,DOS,32-bit,8,Casual,No,No,179990,4.4
HP,Intel,Core i5,8 GB GB,DDR4,0 GB,1024 GB,Windows,64-bit,2,Casual,No,Yes,64990,4.3
HP,Intel,Core i5,8 GB GB,DDR4,0 GB,1024 GB,Windows,64-bit,0,Casual,No,No,46790,4.2
HP,Intel,Core i5,4 GB GB,DDR4,0 GB,1024 GB,Windows,64-bit,0,Casual,No,No,44599,4.1
acer,Intel,Core i5,8 GB GB,DDR4,0 GB,1024 GB,Windows,64-bit,2,Casual,No,No,72964,4.2
HP,Intel,Core i5,8 GB GB,DDR4,0 GB,1024 GB,Windows,32-bit,0,Casual,No,Yes,48790,3.4
acer,Intel,Core i5,8 GB GB,DDR4,0 GB,1024 GB,Windows,64-bit,2,Casual,No,No,56491,3.2
ASUS,Intel,Core i5,8 GB GB,DDR4,256 GB,1024 GB,Windows,32-bit,0,Casual,No,Yes,50990,4.3
ASUS,Intel,Core i5,8 GB GB,DDR4,256 GB,1024 GB,Windows,64-bit,4,Gaming,No,No,55990,4.5
acer,Intel,Core i5,8 GB GB,DDR4,256 GB,1024 GB,Windows,64-bit,0,Casual,No,No,57990,4.6
ASUS,Intel,Core i5,8 GB GB,DDR4,256 GB,1024 GB,Windows,64-bit,0,Casual,No,No,52990,0
DELL,Intel,Core i5,8 GB GB,DDR4,256 GB,1024 GB,Windows,64-bit,0,Casual,No,No,57990,4.2
acer,Intel,Core i5,8 GB GB,DDR4,256 GB,1024 GB,Windows,64-bit,0,ThinNlight,No,No,56990,4
acer,Intel,Core i5,8 GB GB,DDR4,256 GB,1024 GB,Windows,64-bit,0,Casual,No,No,55490,3.8
DELL,Intel,Core i5,8 GB GB,DDR4,256 GB,1024 GB,Windows,64-bit,2,Casual,No,No,62490,3.9
ASUS,Intel,Core i5,16 GB GB,DDR4,256 GB,1024 GB,Windows,64-bit,0,Casual,No,No,64990,4.7
Lenovo,Intel,Core i5,8 GB GB,DDR4,256 GB,1024 GB,Windows,64-bit,2,Casual,No,Yes,59990,4.3
ASUS,Intel,Core i5,8 GB GB,DDR4,256 GB,1024 GB,Windows,64-bit,2,Casual,No,Yes,60190,4.4
ASUS,Intel,Core i5,8 GB GB,DDR4,256 GB,1024 GB,Windows,64-bit,4,Gaming,No,No,54490,4.3
Lenovo,Intel,Core i5,8 GB GB,DDR4,256 GB,1024 GB,Windows,64-bit,4,Casual,No,Yes,60990,4.3
DELL,Intel,Core i5,4 GB GB,DDR4,256 GB,1024 GB,Windows,64-bit,0,ThinNlight,No,Yes,55790,4.2
ASUS,Intel,Core i5,16 GB GB,DDR4,256 GB,1024 GB,Windows,64-bit,0,Casual,No,Yes,64990,4.3
ASUS,Intel,Core i5,16 GB GB,DDR4,256 GB,1024 GB,Windows,64-bit,0,ThinNlight,No,No,58990,4.8
DELL,Intel,Core i5,8 GB GB,DDR4,256 GB,1024 GB,Windows,64-bit,0,ThinNlight,No,Yes,54990,3.8
HP,Intel,Core i5,8 GB GB,DDR4,256 GB,1024 GB,Windows,64-bit,4,Gaming,No,Yes,71990,4.3
DELL,Intel,Core i5,8 GB GB,DDR4,256 GB,1024 GB,Windows,64-bit,2,Casual,No,No,69900,0
Lenovo,Intel,Core i5,8 GB GB,DDR4,256 GB,1024 GB,Windows,64-bit,2,Casual,No,Yes,65990,4.2
ASUS,Intel,Core i5,8 GB GB,DDR4,256 GB,1024 GB,Windows,64-bit,0,Casual,No,No,49990,3.9
DELL,Intel,Core i5,8 GB GB,DDR4,256 GB,1024 GB,Windows,64-bit,0,ThinNlight,No,Yes,58990,4
Lenovo,Intel,Core i5,8 GB GB,DDR4,256 GB,1024 GB,Windows,64-bit,4,Gaming,No,No,74590,4.4
ASUS,Intel,Core i5,8 GB GB,DDR4,256 GB,1024 GB,Windows,32-bit,2,Casual,No,No,58990,5
ASUS,Intel,Core i5,8 GB GB,DDR4,256 GB,1024 GB,Windows,64-bit,0,Casual,No,No,64990,0
DELL,Intel,Core i5,8 GB GB,DDR4,256 GB,1024 GB,Windows,64-bit,2,Casual,No,No,66490,3.8
DELL,Intel,Core i5,8 GB GB,DDR4,256 GB,1024 GB,Windows,64-bit,4,Casual,No,No,77900,4.3
DELL,Intel,Core i5,8 GB GB,DDR4,256 GB,1024 GB,Windows,64-bit,2,Casual,No,No,67490,3.8
DELL,Intel,Core i5,8 GB GB,DDR4,256 GB,1024 GB,Windows,64-bit,0,ThinNlight,No,Yes,61990,0
DELL,Intel,Core i5,8 GB GB,DDR4,256 GB,1024 GB,Windows,64-bit,0,Casual,No,Yes,58990,4.3
Lenovo,Intel,Core i5,8 GB GB,DDR4,256 GB,1024 GB,Windows,64-bit,4,Gaming,No,No,74999,4.3
ASUS,Intel,Core i5,8 GB GB,DDR4,256 GB,1024 GB,Windows,64-bit,0,Casual,No,Yes,68900,5
DELL,Intel,Core i5,8 GB GB,DDR4,256 GB,1024 GB,Windows,64-bit,2,Casual,No,No,71695,4.2
acer,Intel,Core i5,16 GB GB,DDR4,256 GB,1024 GB,Windows,64-bit,0,Casual,No,No,62490,3.4
DELL,Intel,Core i5,8 GB GB,DDR4,0 GB,2048 GB,Windows,64-bit,2,Casual,No,Yes,62317,4
MSI,Intel,Core i5,8 GB GB,LPDDR4,0 GB,512 GB,DOS,32-bit,8,Casual,No,No,207290,0
DELL,Intel,Core i7,16 GB GB,DDR4,256 GB,0 GB,Windows,64-bit,4,Casual,No,Yes,87990,4.1
Avita,Intel,Core i7,8 GB GB,DDR4,256 GB,0 GB,Windows,64-bit,0,ThinNlight,No,No,73990,0
Avita,Intel,Core i7,8 GB GB,DDR4,256 GB,0 GB,Windows,64-bit,0,ThinNlight,No,No,73990,0
Avita,Intel,Core i7,8 GB GB,DDR4,256 GB,0 GB,Windows,64-bit,0,ThinNlight,No,No,73990,0
Avita,Intel,Core i7,8 GB GB,DDR4,256 GB,0 GB,Windows,64-bit,0,ThinNlight,No,No,73990,0
Avita,Intel,Core i7,8 GB GB,DDR4,256 GB,0 GB,Windows,64-bit,0,ThinNlight,No,No,73990,0
Avita,Intel,Core i7,8 GB GB,DDR4,256 GB,0 GB,Windows,64-bit,0,ThinNlight,No,No,73990,0
ASUS,Intel,Core i7,16 GB GB,DDR4,512 GB,0 GB,Windows,64-bit,0,Casual,No,No,57990,4.3
ASUS,Intel,Core i7,8 GB GB,DDR4,512 GB,0 GB,Windows,64-bit,4,Gaming,No,No,61990,4.5
MSI,Intel,Core i7,16 GB GB,DDR4,512 GB,0 GB,Windows,64-bit,4,Casual,No,No,79990,4.5
Lenovo,Intel,Core i7,8 GB GB,DDR4,512 GB,0 GB,Windows,64-bit,4,Gaming,No,Yes,68990,4.5
Mi,Intel,Core i7,8 GB GB,DDR4,512 GB,0 GB,Windows,64-bit,2,Casual,No,No,59490,4.2
Lenovo,Intel,Core i7,16 GB GB,DDR4,512 GB,0 GB,Windows,64-bit,0,Casual,Yes,Yes,85990,4.4
Lenovo,Intel,Core i7,16 GB GB,DDR4,512 GB,0 GB,Windows,64-bit,4,Casual,No,Yes,99990,4.4
Infinix,Intel,Core i7,16 GB GB,LPDDR4X,512 GB,0 GB,Windows,64-bit,8,Casual,No,No,54990,4.3
ASUS,Intel,Core i7,8 GB GB,DDR4,512 GB,0 GB,Windows,64-bit,0,Casual,No,Yes,77990,4.3
Lenovo,Intel,Core i7,8 GB GB,DDR4,512 GB,0 GB,Windows,64-bit,4,Gaming,No,No,79990,4
HP,Intel,Core i7,16 GB GB,DDR4,512 GB,0 GB,Windows,64-bit,4,Casual,No,Yes,93190,5
ASUS,Intel,Core i7,16 GB GB,LPDDR4X,512 GB,0 GB,Windows,64-bit,0,Casual,No,Yes,94990,0
Lenovo,Intel,Core i7,16 GB GB,DDR4,512 GB,0 GB,Windows,64-bit,0,Casual,Yes,Yes,84990,4.5
MSI,Intel,Core i7,8 GB GB,DDR4,512 GB,0 GB,Windows,64-bit,0,ThinNlight,No,No,57990,4.4
HP,Intel,Core i7,16 GB GB,DDR4,512 GB,0 GB,Windows,64-bit,0,Casual,Yes,Yes,102990,4.7
DELL,Intel,Core i7,16 GB GB,DDR4,512 GB,0 GB,Windows,64-bit,4,Casual,No,No,99990,0
ASUS,Intel,Core i7,16 GB GB,DDR4,512 GB,0 GB,Windows,64-bit,4,Gaming,No,No,94990,4.5
HP,Intel,Core i7,16 GB GB,DDR4,512 GB,0 GB,Windows,64-bit,0,Casual,Yes,Yes,104000,0
MSI,Intel,Core i7,16 GB GB,DDR4,512 GB,0 GB,Windows,64-bit,2,Casual,No,No,76990,0
HP,Intel,Core i7,16 GB GB,DDR4,512 GB,0 GB,Windows,64-bit,4,Gaming,No,Yes,90190,4.3
Lenovo,Intel,Core i7,16 GB GB,DDR4,512 GB,0 GB,Windows,32-bit,0,Casual,Yes,No,88488,0
MSI,Intel,Core i7,16 GB GB,DDR4,512 GB,0 GB,Windows,64-bit,4,Casual,No,No,109990,4.3
MSI,Intel,Core i7,16 GB GB,DDR4,512 GB,0 GB,Windows,64-bit,4,Casual,No,No,86990,0
MSI,Intel,Core i7,16 GB GB,LPDDR4X,512 GB,0 GB,Windows,64-bit,0,Casual,No,No,89990,0
HP,Intel,Core i7,16 GB GB,LPDDR3,512 GB,0 GB,Windows,64-bit,0,Casual,Yes,Yes,239759,0
ASUS,Intel,Core i7,16 GB GB,DDR4,512 GB,0 GB,Windows,64-bit,2,Casual,No,Yes,78990,4.5
DELL,Intel,Core i7,16 GB GB,DDR3,512 GB,0 GB,Windows,64-bit,0,ThinNlight,No,Yes,121890,1.7
ASUS,Intel,Core i7,16 GB GB,LPDDR3,512 GB,0 GB,Windows,64-bit,0,ThinNlight,No,No,85990,4.4
MSI,Intel,Core i7,16 GB GB,DDR4,512 GB,0 GB,Windows,64-bit,4,Casual,No,No,94990,0
HP,Intel,Core i7,16 GB GB,DDR4,512 GB,0 GB,Windows,64-bit,4,Gaming,No,Yes,92000,4.5
HP,Intel,Core i7,16 GB GB,DDR4,512 GB,0 GB,Windows,64-bit,0,Casual,Yes,No,162990,3.3
DELL,Intel,Core i7,16 GB GB,LPDDR4X,512 GB,0 GB,Windows,64-bit,0,ThinNlight,No,Yes,135300,5
MSI,Intel,Core i7,16 GB GB,DDR4,512 GB,0 GB,Windows,64-bit,0,Casual,No,No,64990,4.4
Lenovo,Intel,Core i7,16 GB GB,DDR4,512 GB,0 GB,Windows,64-bit,0,ThinNlight,No,No,174527,0
Lenovo,Intel,Core i7,16 GB GB,DDR4,512 GB,0 GB,Windows,64-bit,0,ThinNlight,No,No,162299,0
DELL,Intel,Core i7,16 GB GB,DDR4,512 GB,0 GB,Windows,64-bit,0,Casual,Yes,Yes,109190,0
HP,Intel,Core i7,16 GB GB,DDR4,512 GB,0 GB,Windows,64-bit,0,Casual,Yes,Yes,99999,0
MSI,Intel,Core i7,16 GB GB,DDR4,512 GB,0 GB,Windows,64-bit,2,Casual,No,No,104990,4
ASUS,Intel,Core i7,16 GB GB,LPDDR4X,512 GB,0 GB,Windows,64-bit,0,ThinNlight,Yes,No,109990,0
ASUS,Intel,Core i7,16 GB GB,DDR3,512 GB,0 GB,Windows,64-bit,0,ThinNlight,No,No,99990,4.3
Lenovo,Intel,Core i7,16 GB GB,DDR4,512 GB,0 GB,Windows,64-bit,2,ThinNlight,No,No,244801,0
ASUS,Intel,Core i7,16 GB GB,LPDDR4X,512 GB,0 GB,Windows,64-bit,0,ThinNlight,No,No,94990,0
Lenovo,Intel,Core i7,16 GB GB,DDR4,512 GB,0 GB,Windows,64-bit,0,ThinNlight,No,Yes,86000,0
Lenovo,Intel,Core i7,16 GB GB,DDR4,512 GB,0 GB,Windows,32-bit,2,Casual,No,No,162399,0
HP,Intel,Core i7,16 GB GB,DDR4,512 GB,0 GB,Windows,32-bit,0,Casual,No,No,119599,0
Lenovo,Intel,Core i7,16 GB GB,LPDDR3,512 GB,0 GB,Windows,64-bit,0,ThinNlight,No,No,211753,0
Lenovo,Intel,Core i7,16 GB GB,DDR4,512 GB,0 GB,Windows,32-bit,0,Casual,No,No,110999,0
DELL,Intel,Core i7,16 GB GB,DDR4,512 GB,0 GB,Windows,64-bit,4,Casual,No,No,99990,0
ASUS,Intel,Core i7,8 GB GB,LPDDR3,512 GB,0 GB,Windows,64-bit,0,ThinNlight,No,No,81990,4.3
MSI,Intel,Core i7,8 GB GB,DDR4,512 GB,0 GB,Windows,64-bit,4,Casual,No,No,66990,4.5
MSI,Intel,Core i7,16 GB GB,DDR4,1024 GB,0 GB,Windows,64-bit,6,Casual,No,No,84990,4.4
ASUS,Intel,Core i7,16 GB GB,LPDDR4X,1024 GB,0 GB,Windows,64-bit,2,Casual,Yes,Yes,104990,0
ASUS,Intel,Core i7,16 GB GB,LPDDR4X,1024 GB,0 GB,Windows,64-bit,0,Casual,Yes,No,134990,0
ASUS,Intel,Core i7,16 GB GB,DDR4,1024 GB,0 GB,Windows,64-bit,4,Gaming,No,No,98990,4.5
HP,Intel,Core i7,16 GB GB,DDR4,1024 GB,0 GB,Windows,64-bit,6,Casual,No,Yes,144690,4.2
ASUS,Intel,Core i7,16 GB GB,LPDDR4X,1024 GB,0 GB,Windows,64-bit,0,ThinNlight,No,No,99990,0
MSI,Intel,Core i7,16 GB GB,DDR4,1024 GB,0 GB,Windows,64-bit,6,Casual,No,No,119990,4.3
ASUS,Intel,Core i7,16 GB GB,DDR4,1024 GB,0 GB,Windows,32-bit,4,Casual,No,No,194990,0
ASUS,Intel,Core i7,16 GB GB,LPDDR3,1024 GB,0 GB,Windows,64-bit,2,Casual,No,Yes,124990,4.6
DELL,Intel,Core i7,16 GB GB,DDR4,1024 GB,0 GB,Windows,64-bit,2,Casual,No,No,122410,0
HP,Intel,Core i7,16 GB GB,DDR4,1024 GB,0 GB,Windows,64-bit,0,Casual,Yes,No,179990,4.2
MSI,Intel,Core i7,16 GB GB,DDR4,1024 GB,0 GB,Windows,64-bit,4,Casual,Yes,No,154990,4
Lenovo,Intel,Core i7,16 GB GB,LPDDR4X,1024 GB,0 GB,Windows,64-bit,0,Casual,No,Yes,122990,3
ASUS,Intel,Core i7,16 GB GB,DDR4,1024 GB,0 GB,Windows,64-bit,6,Casual,Yes,No,224990,4.7
MSI,Intel,Core i7,16 GB GB,DDR5,1024 GB,0 GB,Windows,64-bit,8,Casual,No,No,279990,0
HP,Intel,Core i7,16 GB GB,DDR4,1024 GB,0 GB,Windows,64-bit,4,Casual,No,No,121990,0
HP,Intel,Core i7,16 GB GB,DDR4,1024 GB,0 GB,Windows,64-bit,4,Casual,No,No,116990,0
Lenovo,Intel,Core i7,16 GB GB,DDR4,1024 GB,0 GB,Windows,64-bit,6,Casual,No,No,151098,4.4
MSI,Intel,Core i7,16 GB GB,DDR4,1024 GB,0 GB,Windows,64-bit,8,Casual,No,No,129990,4.2
HP,Intel,Core i7,16 GB GB,LPDDR4X,1024 GB,0 GB,Windows,64-bit,0,Casual,Yes,No,149999,0
MSI,Intel,Core i7,16 GB GB,DDR4,1024 GB,0 GB,Windows,64-bit,6,Casual,No,No,139990,4.5
acer,Intel,Core i7,16 GB GB,DDR4,1024 GB,0 GB,Windows,64-bit,6,Casual,No,No,129990,4.5
HP,Intel,Core i7,16 GB GB,DDR4,1024 GB,0 GB,Windows,64-bit,8,Casual,No,Yes,171990,0
DELL,Intel,Core i7,16 GB GB,DDR4,1024 GB,0 GB,Windows,64-bit,2,Casual,No,Yes,93955,4.8
ASUS,Intel,Core i7,16 GB GB,DDR4,1024 GB,0 GB,Windows,64-bit,8,Casual,No,No,234990,0
HP,Intel,Core i7,16 GB GB,LPDDR4X,1024 GB,0 GB,Windows,64-bit,0,Casual,Yes,Yes,128500,3.7
Lenovo,Intel,Core i7,16 GB GB,DDR4,1024 GB,0 GB,Windows,64-bit,0,Casual,Yes,Yes,102990,4.4
ASUS,Intel,Core i7,16 GB GB,LPDDR4X,1024 GB,0 GB,Windows,64-bit,0,Casual,Yes,No,119990,4.8
ASUS,Intel,Core i7,16 GB GB,DDR4,1024 GB,0 GB,Windows,32-bit,6,Casual,No,No,120980,0
ASUS,Intel,Core i7,16 GB GB,DDR4,1024 GB,0 GB,Windows,32-bit,6,Casual,No,No,157249,4.3
Lenovo,Intel,Core i7,16 GB GB,DDR4,1024 GB,0 GB,Windows,64-bit,4,ThinNlight,No,No,229900,0
ASUS,Intel,Core i7,16 GB GB,DDR4,1024 GB,0 GB,Windows,64-bit,6,Casual,No,No,131500,0
ASUS,Intel,Core i7,16 GB GB,LPDDR3,1024 GB,0 GB,Windows,64-bit,0,Casual,No,No,154990,5
ASUS,Intel,Core i7,16 GB GB,LPDDR3,1024 GB,0 GB,Windows,64-bit,0,Casual,No,No,165990,0
Lenovo,Intel,Core i7,16 GB GB,LPDDR4X,1024 GB,0 GB,Windows,64-bit,0,ThinNlight,No,No,119990,2.5
ASUS,Intel,Core i7,16 GB GB,LPDDR3,1024 GB,0 GB,Windows,64-bit,0,Casual,No,No,167990,0
HP,Intel,Core i7,16 GB GB,LPDDR4X,1024 GB,0 GB,Windows,64-bit,0,Casual,Yes,No,165000,0
Avita,Intel,Core i7,16 GB GB,DDR4,1024 GB,0 GB,Windows,64-bit,0,ThinNlight,No,No,62990,3.9
Lenovo,Intel,Core i7,16 GB GB,LPDDR4,1024 GB,0 GB,Windows,64-bit,0,Casual,No,Yes,85990,3.4
HP,Intel,Core i7,16 GB GB,DDR4,1024 GB,0 GB,Windows,64-bit,2,Casual,No,Yes,94990,0
HP,Intel,Core i7,16 GB GB,DDR4,1024 GB,0 GB,Windows,64-bit,6,Casual,No,Yes,136990,0
Lenovo,Intel,Core i7,16 GB GB,DDR4,1024 GB,0 GB,Windows,64-bit,8,Casual,No,Yes,234990,0
acer,Intel,Core i7,16 GB GB,DDR4,2048 GB,0 GB,Windows,64-bit,8,Casual,No,No,159990,3.8
ASUS,Intel,Core i7,16 GB GB,LPDDR3,2048 GB,0 GB,Windows,64-bit,0,Casual,No,No,233990,0
ASUS,Intel,Core i7,16 GB GB,DDR4,0 GB,1024 GB,Windows,64-bit,2,Casual,No,No,93990,0
HP,Intel,Core i7,16 GB GB,DDR4,128 GB,1024 GB,Windows,64-bit,4,Casual,No,No,116941,0
MSI,Intel,Core i7,8 GB GB,DDR4,256 GB,1024 GB,Windows,64-bit,4,Casual,No,No,63990,4.3
ASUS,Intel,Core i7,16 GB GB,DDR4,256 GB,1024 GB,Windows,64-bit,4,Gaming,No,No,66990,4.2
ASUS,Intel,Core i7,16 GB GB,DDR4,256 GB,1024 GB,Windows,32-bit,0,ThinNlight,No,No,82500,0
acer,Intel,Core i7,16 GB GB,DDR4,256 GB,1024 GB,Windows,64-bit,6,Casual,No,No,119990,4.6
MSI,Intel,Core i7,16 GB GB,DDR4,256 GB,1024 GB,Windows,64-bit,4,Casual,No,No,159990,0
ASUS,Intel,Core i7,16 GB GB,DDR4,256 GB,1024 GB,Windows,64-bit,0,ThinNlight,No,No,98912,0
acer,Intel,Core i7,16 GB GB,DDR4,512 GB,1024 GB,Windows,64-bit,4,Casual,No,No,92990,4.5
acer,Intel,Core i7,16 GB GB,DDR4,512 GB,1024 GB,Windows,32-bit,6,Casual,No,No,119990,4.5
acer,Intel,Core i9,32 GB GB,DDR4,1024 GB,0 GB,Windows,64-bit,8,Casual,No,No,169990,0
acer,Intel,Core i9,16 GB GB,DDR4,1024 GB,0 GB,Windows,64-bit,6,Casual,No,No,139990,0
MSI,Intel,Core i9,16 GB GB,DDR4,1024 GB,0 GB,Windows,64-bit,6,Casual,No,No,192990,0
ASUS,Intel,Core i9,16 GB GB,DDR5,1024 GB,0 GB,Windows,64-bit,6,Casual,No,No,299990,0
ASUS,Intel,Core i9,16 GB GB,DDR4,1024 GB,0 GB,Windows,64-bit,6,Casual,Yes,No,269990,4.8
ASUS,Intel,Core i9,16 GB GB,DDR4,1024 GB,0 GB,Windows,64-bit,6,Gaming,No,No,139990,0
Lenovo,Intel,Core i9,16 GB GB,DDR4,1024 GB,0 GB,Windows,32-bit,8,Casual,No,No,265998,0
ASUS,Intel,Core i9,16 GB GB,DDR4,3072 GB,0 GB,Windows,32-bit,6,Casual,No,No,441990,5
Smartron,Intel,Core m3,4 GB GB,DDR3,128 GB,0 GB,Windows,64-bit,0,Casual,Yes,No,42990,3.5
MSI,Intel,Core i5,8 GB GB,LPDDR4,0 GB,512 GB,DOS,32-bit,4,Casual,No,No,86990,4.5
acer,AMD,Dual Core,4 GB GB,DDR4,256 GB,0 GB,Windows,64-bit,0,Casual,No,No,29990,0
acer,AMD,Dual Core,4 GB GB,DDR4,256 GB,0 GB,Windows,64-bit,0,Casual,No,No,31990,4
MSI,Intel,Core i5,8 GB GB,LPDDR4,0 GB,512 GB,DOS,32-bit,6,Casual,No,No,109990,4.6
MSI,Intel,Core i5,8 GB GB,LPDDR4,0 GB,512 GB,DOS,32-bit,4,Casual,No,No,109590,4.6
ASUS,Intel,Core i7,16 GB GB,LPDDR4X,0 GB,512 GB,DOS,32-bit,6,Casual,No,No,146490,3
HP,Intel,Dual Core,4 GB GB,DDR4,0 GB,512 GB,DOS,32-bit,0,Casual,No,No,61745,4.6
ASUS,Intel,Ever Screenpad,4 GB GB,DDR4,0 GB,512 GB,DOS,64-bit,4,Casual,No,No,209690,5
ASUS,Intel,Ever Screenpad,4 GB GB,DDR4,0 GB,512 GB,DOS,64-bit,4,Casual,No,No,175190,4.8
ALIENWARE,Intel,GeForce GTX,8 GB GB,LPDDR4,0 GB,512 GB,DOS,32-bit,6,Casual,No,No,199990,4.9
DELL,Intel,GeForce GTX,8 GB GB,LPDDR4,0 GB,512 GB,DOS,32-bit,4,Casual,No,No,75500,4.4
ALIENWARE,Intel,GeForce RTX,8 GB GB,LPDDR4,0 GB,512 GB,DOS,32-bit,8,Casual,No,No,345390,4.6
ALIENWARE,Intel,GeForce RTX,8 GB GB,LPDDR4,0 GB,512 GB,DOS,32-bit,6,Casual,No,No,214790,4.1
ALIENWARE,Intel,GeForce RTX,8 GB GB,LPDDR4,0 GB,512 GB,DOS,32-bit,8,Casual,No,No,269290,4
DELL,Intel,GEFORCE RTX,4 GB GB,DDR4,0 GB,512 GB,DOS,32-bit,4,Casual,No,No,95990,4.3
MSI,Intel,Hexa Core,16 GB GB,DDR4,512 GB,0 GB,Windows,64-bit,6,Casual,No,No,76990,4.5
MSI,Intel,Hexa Core,8 GB GB,DDR4,256 GB,1024 GB,Windows,64-bit,4,Casual,No,No,55990,4.4
APPLE,M1,M1,8 GB GB,DDR4,256 GB,0 GB,Mac,64-bit,0,Casual,No,No,85990,4.7
APPLE,M1,M1,8 GB GB,DDR4,256 GB,0 GB,Mac,64-bit,0,Casual,No,No,112990,4.8
APPLE,M1,M1,16 GB GB,DDR4,256 GB,0 GB,Mac,64-bit,0,Casual,No,No,104990,4.7
APPLE,M1,M1,8 GB GB,DDR4,256 GB,0 GB,Mac,64-bit,0,Casual,No,No,112990,4.8
APPLE,M1,M1,16 GB GB,DDR4,256 GB,0 GB,Mac,64-bit,0,Casual,No,No,132990,4.8
APPLE,M1,M1,16 GB GB,DDR4,256 GB,0 GB,Mac,64-bit,0,Casual,No,No,104990,4.7
APPLE,M1,M1,8 GB GB,DDR4,256 GB,0 GB,Mac,64-bit,0,Casual,No,No,85990,4.7
APPLE,M1,M1,16 GB GB,DDR4,512 GB,0 GB,Mac,64-bit,0,Casual,No,No,149990,4.8
APPLE,M1,M1,8 GB GB,DDR4,512 GB,0 GB,Mac,64-bit,0,Casual,No,No,125990,4.6
APPLE,M1,M1,8 GB GB,DDR4,512 GB,0 GB,Mac,64-bit,0,Casual,No,No,103990,4.7
APPLE,M1,M1,8 GB GB,DDR4,512 GB,0 GB,Mac,64-bit,0,Casual,No,No,101990,4.7
APPLE,M1,M1,8 GB GB,DDR4,512 GB,0 GB,Mac,64-bit,0,Casual,No,No,104990,4.7
APPLE,M1,M1,8 GB GB,DDR4,512 GB,0 GB,Mac,64-bit,0,Casual,No,No,131990,4.6
APPLE,M1,M1,16 GB GB,DDR4,512 GB,0 GB,Mac,64-bit,0,Casual,No,No,128990,4.7
APPLE,M1,M1,16 GB GB,DDR4,512 GB,0 GB,Mac,64-bit,0,Casual,No,No,184990,4.8
APPLE,M1,M1,16 GB GB,DDR4,512 GB,0 GB,Mac,64-bit,0,Casual,No,No,225990,4.8
APPLE,M1,M1,4 GB GB,DDR4,512 GB,0 GB,Mac,64-bit,0,Casual,No,No,124990,4.7
APPLE,M1,M1,8 GB GB,DDR4,512 GB,0 GB,Mac,64-bit,0,Casual,No,No,104990,4.7
APPLE,M1,M1,8 GB GB,DDR4,1024 GB,0 GB,Mac,64-bit,0,Casual,No,No,149990,4.8
APPLE,M1,M1,16 GB GB,DDR4,1024 GB,0 GB,Mac,64-bit,0,Casual,No,No,169990,4.8
APPLE,M1,M1,16 GB GB,DDR4,1024 GB,0 GB,Mac,64-bit,0,Casual,No,No,225990,4.8
APPLE,M1,M1,16 GB GB,DDR4,1024 GB,0 GB,Mac,64-bit,0,Casual,No,No,243990,4.8
APPLE,M1,M1,32 GB GB,DDR4,1024 GB,0 GB,Mac,64-bit,0,Casual,No,No,309990,5
APPLE,M1,M1,16 GB GB,DDR4,1024 GB,0 GB,Mac,64-bit,0,Casual,No,No,225990,4.8
DELL,Intel,GeForce RTX,8 GB GB,LPDDR4,0 GB,512 GB,DOS,32-bit,8,Casual,No,No,179990,4.5
acer,Intel,Genuine Windows,4 GB GB,DDR4,128 GB,0 GB,DOS,32-bit,4,Casual,No,No,116640,0
acer,Intel,Genuine Windows,4 GB GB,DDR4,0 GB,512 GB,DOS,32-bit,4,Casual,No,No,129999,4.5
ASUS,Intel,Pentium Quad,4 GB GB,LPDDR4X,0 GB,512 GB,Windows,64-bit,0,Casual,No,No,45990,0
iball,Intel,Pentium Quad,4 GB GB,DDR3,0 GB,512 GB,Windows,64-bit,0,Casual,No,No,13990,3.8
ASUS,Intel,Pentium Quad,4 GB GB,DDR4,128 GB,0 GB,Windows,32-bit,0,Casual,Yes,No,58100,0
ASUS,Intel,Pentium Quad,8 GB GB,LPDDR4X,256 GB,0 GB,Windows,64-bit,0,Casual,Yes,No,62990,0
HP,Intel,Pentium Quad,8 GB GB,DDR4,256 GB,0 GB,Windows,64-bit,0,ThinNlight,No,Yes,32990,4.1
ASUS,Intel,Pentium Quad,4 GB GB,DDR4,256 GB,0 GB,Windows,64-bit,0,ThinNlight,No,Yes,33990,4.3
acer,Intel,Pentium Quad,4 GB GB,DDR4,256 GB,0 GB,Windows,64-bit,0,Casual,No,No,30990,4.2
DELL,Intel,Pentium Quad,4 GB GB,DDR4,256 GB,0 GB,Windows,64-bit,0,ThinNlight,No,No,36000,4.3
ASUS,Intel,Pentium Quad,4 GB GB,DDR4,256 GB,0 GB,Windows,64-bit,0,ThinNlight,No,Yes,32990,4.3
DELL,Intel,Pentium Quad,4 GB GB,DDR4,256 GB,0 GB,Windows,64-bit,0,Casual,No,No,35990,0
ASUS,Intel,Pentium Quad,4 GB GB,LPDDR4,0 GB,1024 GB,Windows,64-bit,0,Casual,No,No,27990,0
ASUS,Intel,Pentium Quad,4 GB GB,DDR4,0 GB,1024 GB,Windows,64-bit,0,Casual,No,No,25990,3.7
ASUS,Intel,Pentium Quad,4 GB GB,DDR4,0 GB,1024 GB,Windows,64-bit,0,Casual,No,No,25990,3.8
ASUS,Intel,Pentium Quad,4 GB GB,DDR4,0 GB,1024 GB,Windows,64-bit,0,Casual,No,No,30780,0
ASUS,Intel,Pentium Silver,4 GB GB,DDR4,256 GB,0 GB,Windows,64-bit,0,ThinNlight,No,No,29990,4
ASUS,Intel,Pentium Silver,4 GB GB,DDR4,256 GB,0 GB,Windows,64-bit,0,ThinNlight,No,No,31990,3.8
Lenovo,Intel,Genuine Windows,4 GB GB,DDR4,0 GB,512 GB,DOS,32-bit,4,Casual,No,No,77890,4.4
HP,AMD,Ryzen 3,8 GB GB,DDR4,256 GB,0 GB,Windows,64-bit,0,ThinNlight,No,No,37990,4.3
ASUS,AMD,Ryzen 3,8 GB GB,DDR4,256 GB,0 GB,Windows,64-bit,0,ThinNlight,No,No,35990,4.3
DELL,AMD,Ryzen 3,8 GB GB,DDR4,256 GB,0 GB,Windows,64-bit,0,ThinNlight,No,No,39490,4.3
DELL,AMD,Ryzen 3,8 GB GB,DDR4,256 GB,0 GB,Windows,64-bit,0,ThinNlight,No,No,36990,4.2
DELL,AMD,Ryzen 3,8 GB GB,DDR4,256 GB,0 GB,Windows,64-bit,0,ThinNlight,No,No,39990,4.6
ASUS,AMD,Ryzen 3,4 GB GB,DDR4,256 GB,0 GB,Windows,64-bit,0,ThinNlight,No,No,33690,4.2
DELL,AMD,Ryzen 3,8 GB GB,DDR4,256 GB,0 GB,Windows,64-bit,0,ThinNlight,No,No,40590,0
ASUS,AMD,Ryzen 3,4 GB GB,DDR4,256 GB,0 GB,Windows,64-bit,0,Casual,No,No,37990,4.2
ASUS,AMD,Ryzen 3,4 GB GB,DDR4,256 GB,0 GB,Windows,64-bit,0,ThinNlight,No,Yes,34500,4.3
acer,AMD,Ryzen 3,8 GB GB,DDR4,512 GB,0 GB,Windows,64-bit,0,Casual,No,No,36990,4.6
HP,AMD,Ryzen 3,8 GB GB,DDR4,512 GB,0 GB,Windows,64-bit,0,ThinNlight,No,No,43490,4.6
HP,AMD,Ryzen 3,8 GB GB,DDR4,512 GB,0 GB,Windows,64-bit,0,ThinNlight,No,Yes,41490,4.2
acer,AMD,Ryzen 3,4 GB GB,DDR4,512 GB,0 GB,Windows,64-bit,0,Casual,No,No,34990,0
HP,AMD,Ryzen 3,4 GB GB,DDR4,512 GB,0 GB,Windows,64-bit,0,ThinNlight,No,Yes,44490,4.3
DELL,AMD,Ryzen 3,4 GB GB,DDR4,512 GB,0 GB,Windows,64-bit,0,ThinNlight,No,No,40590,0
DELL,AMD,Ryzen 3,8 GB GB,DDR4,512 GB,0 GB,Windows,64-bit,0,ThinNlight,No,No,42090,3.3
DELL,AMD,Ryzen 3,8 GB GB,DDR4,0 GB,1024 GB,Windows,64-bit,0,ThinNlight,No,Yes,35990,4.1
HP,AMD,Ryzen 3,8 GB GB,DDR4,0 GB,1024 GB,Windows,64-bit,0,ThinNlight,No,Yes,39490,4.2
DELL,AMD,Ryzen 3,8 GB GB,DDR4,0 GB,1024 GB,Windows,64-bit,0,ThinNlight,No,No,37390,4.2
DELL,AMD,Ryzen 3,4 GB GB,DDR4,0 GB,1024 GB,Windows,64-bit,0,ThinNlight,No,Yes,52632,0
DELL,AMD,Ryzen 3,4 GB GB,DDR4,0 GB,1024 GB,Windows,64-bit,0,Casual,No,Yes,39990,4.1
DELL,AMD,Ryzen 3,4 GB GB,DDR4,0 GB,1024 GB,Windows,64-bit,0,Casual,No,No,43990,0
HP,AMD,Ryzen 3,4 GB GB,DDR4,0 GB,1024 GB,Windows,64-bit,0,Casual,No,No,32917,4
Lenovo,AMD,Ryzen 3,4 GB GB,DDR4,0 GB,1024 GB,Windows,64-bit,0,Casual,No,No,34990,3.3
DELL,AMD,Ryzen 3,8 GB GB,DDR4,0 GB,1024 GB,Windows,64-bit,0,ThinNlight,No,No,39990,3.1
HP,AMD,Ryzen 3,8 GB GB,DDR4,256 GB,1024 GB,Windows,64-bit,0,Casual,No,Yes,41999,4.3
HP,MediaTek,MediaTek Kompanio,4 GB GB,DDR4,0 GB,512 GB,DOS,32-bit,0,Casual,No,No,22990,3.8
HP,MediaTek,MediaTek Kompanio,4 GB GB,LPDDR4X,0 GB,512 GB,DOS,32-bit,0,Casual,No,No,22490,3.8
HP,MediaTek,MediaTek Kompanio,4 GB GB,LPDDR4X,0 GB,512 GB,DOS,32-bit,0,Casual,No,No,22990,3.8
MICROSOFT,AMD,Ryzen 5,4 GB GB,DDR4,128 GB,0 GB,Windows,64-bit,0,Casual,Yes,No,99990,3.8
DELL,AMD,Ryzen 5,8 GB GB,DDR4,256 GB,0 GB,Windows,64-bit,0,Casual,No,Yes,41990,4.3
DELL,AMD,Ryzen 5,8 GB GB,DDR4,256 GB,0 GB,Windows,64-bit,0,ThinNlight,No,No,44490,4.2
DELL,AMD,Ryzen 5,8 GB GB,DDR4,256 GB,0 GB,Windows,64-bit,0,Casual,No,Yes,41990,4.4
DELL,AMD,Ryzen 5,8 GB GB,DDR4,256 GB,0 GB,Windows,64-bit,0,ThinNlight,No,Yes,44490,4.3
MSI,AMD,Ryzen 5,4 GB GB,DDR4,256 GB,0 GB,Windows,64-bit,0,Casual,No,No,49990,0
DELL,AMD,Ryzen 5,4 GB GB,DDR4,256 GB,0 GB,Windows,64-bit,0,ThinNlight,No,No,44390,4
HP,AMD,Ryzen 5,8 GB GB,DDR4,512 GB,0 GB,Windows,64-bit,4,Casual,No,No,57990,4.5
Lenovo,AMD,Ryzen 5,8 GB GB,DDR4,512 GB,0 GB,Windows,64-bit,4,Gaming,No,Yes,56990,4.5
Lenovo,AMD,Ryzen 5,8 GB GB,DDR4,512 GB,0 GB,Windows,64-bit,0,ThinNlight,No,No,48990,4.4
HP,AMD,Ryzen 5,8 GB GB,DDR4,512 GB,0 GB,Windows,64-bit,0,ThinNlight,No,Yes,49970,4.5
MSI,AMD,Ryzen 5,8 GB GB,DDR4,512 GB,0 GB,Windows,64-bit,0,Casual,No,No,47990,4.6
HP,AMD,Ryzen 5,8 GB GB,DDR4,512 GB,0 GB,Windows,64-bit,0,ThinNlight,No,Yes,48990,4.4
acer,AMD,Ryzen 5,8 GB GB,LPDDR4X,512 GB,0 GB,Windows,64-bit,0,ThinNlight,No,No,53990,4.9
Lenovo,AMD,Ryzen 5,8 GB GB,DDR4,512 GB,0 GB,Windows,64-bit,0,Casual,No,Yes,52990,4.2
acer,AMD,Ryzen 5,8 GB GB,DDR4,512 GB,0 GB,Windows,64-bit,0,Casual,No,No,43990,0
Lenovo,AMD,Ryzen 5,8 GB GB,DDR4,512 GB,0 GB,Windows,64-bit,4,Gaming,No,No,59490,4.5
MSI,AMD,Ryzen 5,8 GB GB,DDR4,512 GB,0 GB,Windows,64-bit,4,Casual,No,No,64990,4.5
DELL,AMD,Ryzen 5,8 GB GB,DDR4,512 GB,0 GB,Windows,64-bit,0,ThinNlight,No,No,47490,2.5
HP,AMD,Ryzen 5,8 GB GB,DDR4,512 GB,0 GB,Windows,64-bit,4,Casual,No,No,59990,4.4
Lenovo,AMD,Ryzen 5,8 GB GB,DDR4,512 GB,0 GB,Windows,64-bit,4,Casual,No,No,69990,4.3
HP,AMD,Ryzen 5,8 GB GB,DDR4,512 GB,0 GB,Windows,64-bit,4,Casual,No,No,58990,4.5
DELL,AMD,Ryzen 5,8 GB GB,DDR4,512 GB,0 GB,Windows,64-bit,0,ThinNlight,No,No,59490,4.6
HP,AMD,Ryzen 5,16 GB GB,DDR4,512 GB,0 GB,Windows,64-bit,0,ThinNlight,No,Yes,67500,4.4
HP,AMD,Ryzen 5,8 GB GB,DDR4,512 GB,0 GB,Windows,32-bit,0,Casual,No,No,48990,4.6
ASUS,AMD,Ryzen 5,8 GB GB,DDR4,512 GB,0 GB,Windows,64-bit,0,Casual,Yes,Yes,62450,4.4
ASUS,AMD,Ryzen 5,8 GB GB,DDR4,512 GB,0 GB,Windows,64-bit,0,Casual,No,No,58990,4.4
ASUS,AMD,Quad,4 GB GB,DDR4,0 GB,512 GB,DOS,32-bit,0,Casual,No,No,19990,4
HP,AMD,Ryzen 5,8 GB GB,DDR4,512 GB,0 GB,Windows,64-bit,0,ThinNlight,No,Yes,57999,4.5
ASUS,AMD,Ryzen 5,16 GB GB,DDR4,512 GB,0 GB,Windows,64-bit,0,Casual,No,No,56990,4.8
HP,AMD,Ryzen 5,8 GB GB,DDR4,512 GB,0 GB,Windows,64-bit,4,Casual,No,Yes,72990,4.7
HP,AMD,Ryzen 5,16 GB GB,DDR4,512 GB,0 GB,Windows,64-bit,0,Casual,No,Yes,65990,4.4
HP,AMD,Ryzen 5,16 GB GB,DDR4,512 GB,0 GB,Windows,64-bit,0,Casual,Yes,Yes,98020,0
HP,AMD,Ryzen 5,16 GB GB,DDR4,512 GB,0 GB,Windows,64-bit,2,Casual,No,Yes,63990,4.2
ASUS,AMD,Ryzen 5,8 GB GB,DDR4,512 GB,0 GB,Windows,32-bit,0,ThinNlight,No,Yes,49890,4.7
DELL,AMD,Ryzen 5,8 GB GB,DDR4,512 GB,0 GB,Windows,64-bit,0,ThinNlight,No,Yes,49990,4.4
DELL,AMD,Ryzen 5,8 GB GB,DDR4,512 GB,0 GB,Windows,64-bit,0,ThinNlight,No,Yes,59490,0
HP,AMD,Ryzen 5,8 GB GB,DDR4,512 GB,0 GB,Windows,64-bit,0,Casual,Yes,Yes,73999,4.6
DELL,AMD,Ryzen 5,4 GB GB,DDR4,512 GB,0 GB,Windows,64-bit,0,ThinNlight,No,Yes,60990,4.4
DELL,AMD,Ryzen 5,4 GB GB,DDR4,512 GB,0 GB,Windows,64-bit,6,Casual,No,No,76190,4.4
Lenovo,AMD,Ryzen 5,4 GB GB,LPDDR4X,512 GB,0 GB,Windows,64-bit,0,ThinNlight,Yes,Yes,74798,0
ASUS,AMD,Ryzen 5,4 GB GB,DDR4,512 GB,0 GB,Windows,64-bit,0,Casual,No,No,58990,4.3
HP,AMD,Ryzen 5,4 GB GB,DDR4,512 GB,0 GB,Windows,32-bit,4,Casual,No,No,68100,0
Lenovo,AMD,Ryzen 5,4 GB GB,DDR4,512 GB,0 GB,Windows,64-bit,0,ThinNlight,Yes,Yes,77990,0
HP,AMD,Ryzen 5,4 GB GB,DDR4,512 GB,0 GB,Windows,64-bit,0,ThinNlight,No,Yes,55090,4.4
ASUS,AMD,Ryzen 5,4 GB GB,LPDDR4X,512 GB,0 GB,Windows,64-bit,0,Casual,Yes,No,91990,0
HP,AMD,Ryzen 5,4 GB GB,DDR4,512 GB,0 GB,Windows,64-bit,0,Casual,No,Yes,84208,0
acer,AMD,Ryzen 5,4 GB GB,DDR4,512 GB,0 GB,Windows,64-bit,0,Casual,No,No,44990,4.4
HP,AMD,Ryzen 5,4 GB GB,DDR4,512 GB,0 GB,Windows,64-bit,0,ThinNlight,No,Yes,53490,4.4
Lenovo,AMD,Ryzen 5,4 GB GB,DDR4,512 GB,0 GB,Windows,64-bit,4,Casual,No,No,76498,0
DELL,AMD,Ryzen 5,4 GB GB,DDR4,512 GB,0 GB,Windows,64-bit,4,Casual,No,No,98920,0
MSI,AMD,Ryzen 5,4 GB GB,DDR4,512 GB,0 GB,Windows,64-bit,0,Casual,No,No,54990,4.4
acer,AMD,Ryzen 5,4 GB GB,DDR4,512 GB,0 GB,Windows,64-bit,0,Casual,No,No,49990,4.4
HP,AMD,Ryzen 5,4 GB GB,DDR4,512 GB,0 GB,Windows,32-bit,0,Casual,No,No,52380,0
acer,AMD,Ryzen 5,4 GB GB,DDR4,512 GB,0 GB,Windows,64-bit,0,ThinNlight,No,No,49990,4.5
HP,AMD,Ryzen 5,4 GB GB,DDR4,512 GB,0 GB,Windows,64-bit,0,ThinNlight,No,Yes,52500,4.3
Vaio,AMD,Ryzen 5,4 GB GB,DDR4,512 GB,0 GB,Windows,64-bit,0,ThinNlight,No,Yes,49590,4.1
ASUS,AMD,Ryzen 5,4 GB GB,DDR4,512 GB,0 GB,Windows,64-bit,0,ThinNlight,No,Yes,49990,4.5
acer,AMD,Ryzen 5,4 GB GB,DDR4,512 GB,0 GB,Windows,64-bit,0,ThinNlight,No,No,75999,0
ASUS,AMD,Ryzen 5,4 GB GB,DDR4,512 GB,0 GB,Windows,64-bit,0,Casual,No,No,80990,0
Lenovo,AMD,Ryzen 5,4 GB GB,DDR4,512 GB,0 GB,Windows,32-bit,0,Casual,No,No,59900,3.7
HP,AMD,Ryzen 5,4 GB GB,DDR4,512 GB,0 GB,Windows,64-bit,0,ThinNlight,No,Yes,54590,4.4
DELL,AMD,Ryzen 5,4 GB GB,DDR4,512 GB,0 GB,Windows,64-bit,0,Casual,Yes,Yes,75500,0
HP,AMD,Ryzen 5,8 GB GB,DDR4,512 GB,0 GB,Windows,64-bit,0,ThinNlight,No,Yes,51890,4.3
ASUS,AMD,Ryzen 5,16 GB GB,DDR4,512 GB,0 GB,Windows,64-bit,0,Casual,No,No,78000,2.7
Vaio,AMD,Ryzen 5,8 GB GB,DDR4,512 GB,0 GB,Windows,64-bit,0,ThinNlight,No,Yes,50990,4.1
HP,AMD,Ryzen 5,16 GB GB,DDR4,512 GB,0 GB,Windows,64-bit,0,ThinNlight,No,Yes,59999,4.1
HP,AMD,Ryzen 5,8 GB GB,DDR4,512 GB,0 GB,Windows,64-bit,4,Gaming,No,Yes,64990,3.8
DELL,AMD,Ryzen 5,4 GB GB,DDR4,1024 GB,0 GB,Windows,32-bit,0,Casual,No,No,57900,4.7
Lenovo,AMD,Ryzen 5,4 GB GB,LPDDR4X,1024 GB,0 GB,Windows,64-bit,0,ThinNlight,Yes,Yes,81978,0
HP,AMD,Ryzen 5,4 GB GB,DDR4,0 GB,1024 GB,Windows,64-bit,4,Gaming,No,No,59990,4.1
DELL,AMD,Ryzen 5,8 GB GB,DDR4,256 GB,1024 GB,Windows,64-bit,0,Casual,No,No,49490,4
ASUS,AMD,Ryzen 5,8 GB GB,DDR4,256 GB,1024 GB,Windows,64-bit,0,Casual,No,No,54990,4.5
Lenovo,AMD,Ryzen 5,8 GB GB,DDR4,256 GB,1024 GB,Windows,64-bit,4,Casual,No,No,68500,4.5
ASUS,AMD,Ryzen 5,8 GB GB,DDR4,256 GB,1024 GB,Windows,64-bit,0,Casual,No,No,54990,4.6
ASUS,AMD,Ryzen 5,8 GB GB,DDR4,256 GB,1024 GB,Windows,32-bit,0,Casual,No,Yes,54990,4.4
Lenovo,AMD,Ryzen 5,8 GB GB,DDR4,256 GB,1024 GB,Windows,64-bit,0,Gaming,No,Yes,63990,4.5
HP,AMD,Ryzen 5,4 GB GB,DDR4,256 GB,1024 GB,Windows,64-bit,4,Gaming,No,No,80000,4.6
DELL,AMD,Ryzen 5,4 GB GB,DDR4,256 GB,1024 GB,Windows,32-bit,0,Casual,No,No,51990,0
ASUS,AMD,Ryzen 5,4 GB GB,DDR4,256 GB,1024 GB,Windows,64-bit,0,Casual,No,Yes,62990,4.2
HP,AMD,Ryzen 5,4 GB GB,DDR4,256 GB,1024 GB,Windows,64-bit,0,ThinNlight,No,No,52990,4.4
ASUS,AMD,Ryzen 5,4 GB GB,DDR4,256 GB,1024 GB,Windows,64-bit,0,ThinNlight,No,Yes,75100,0
ASUS,AMD,Ryzen 7,16 GB GB,DDR4,512 GB,0 GB,Windows,32-bit,4,Gaming,No,No,76990,4.8
ASUS,AMD,Ryzen 7,16 GB GB,DDR4,512 GB,0 GB,Windows,64-bit,4,Casual,No,No,79990,0
ASUS,AMD,Ryzen 7,8 GB GB,DDR4,512 GB,0 GB,Windows,64-bit,4,Casual,No,No,71990,4.5
ASUS,AMD,Ryzen 7,8 GB GB,DDR4,512 GB,0 GB,Windows,64-bit,4,Casual,No,No,71990,4.5
Lenovo,AMD,Ryzen 7,16 GB GB,DDR4,512 GB,0 GB,Windows,64-bit,4,Casual,No,Yes,99990,4.6
ASUS,AMD,Ryzen 7,16 GB GB,DDR4,512 GB,0 GB,Windows,64-bit,0,Casual,No,No,79990,0
DELL,AMD,Ryzen 7,16 GB GB,DDR4,512 GB,0 GB,Windows,64-bit,4,Casual,No,No,93990,0
ASUS,AMD,Ryzen 7,16 GB GB,DDR4,512 GB,0 GB,Windows,64-bit,4,Gaming,No,No,82990,4.6
ASUS,AMD,Ryzen 7,4 GB GB,DDR5,512 GB,0 GB,Windows,64-bit,4,Casual,No,No,106990,0
ASUS,AMD,Ryzen 7,4 GB GB,DDR4,512 GB,0 GB,Windows,64-bit,0,Casual,No,No,92990,4.7
Lenovo,Intel,Ryzen 7,4 GB GB,DDR4,512 GB,0 GB,Windows,32-bit,4,Casual,No,Yes,81490,0
ASUS,AMD,Ryzen 7,4 GB GB,DDR4,512 GB,0 GB,Windows,64-bit,0,Casual,No,Yes,56990,0
MSI,AMD,Ryzen 7,4 GB GB,DDR4,512 GB,0 GB,Windows,64-bit,0,Casual,No,No,64990,0
Lenovo,AMD,Ryzen 7,4 GB GB,DDR4,512 GB,0 GB,Windows,64-bit,0,Casual,No,Yes,60990,4.4
Lenovo,AMD,Ryzen 7,4 GB GB,DDR4,512 GB,0 GB,Windows,64-bit,4,Casual,No,Yes,84988,0
HP,AMD,Ryzen 7,4 GB GB,DDR4,512 GB,0 GB,Windows,64-bit,4,Casual,No,No,90990,4.6
Vaio,AMD,Ryzen 7,4 GB GB,DDR4,512 GB,0 GB,Windows,64-bit,0,ThinNlight,No,Yes,56990,3.8
ASUS,AMD,Ryzen 7,4 GB GB,DDR4,512 GB,0 GB,Windows,64-bit,0,Casual,No,No,63990,4.2
Lenovo,AMD,Ryzen 7,4 GB GB,DDR4,512 GB,0 GB,Windows,64-bit,0,Casual,No,Yes,63990,4.4
HP,AMD,Ryzen 7,4 GB GB,DDR4,512 GB,0 GB,Windows,64-bit,0,ThinNlight,No,Yes,57999,4.1
ASUS,AMD,Ryzen 7,4 GB GB,DDR4,512 GB,0 GB,Windows,32-bit,4,Casual,No,No,72400,0
Lenovo,AMD,Ryzen 7,4 GB GB,DDR4,512 GB,0 GB,Windows,64-bit,0,Casual,Yes,No,78990,4.7
acer,AMD,Ryzen 7,4 GB GB,DDR4,512 GB,0 GB,Windows,64-bit,0,ThinNlight,No,No,59990,0
ASUS,AMD,Ryzen 7,4 GB GB,DDR5,512 GB,0 GB,Windows,32-bit,4,Casual,No,No,111990,0
HP,AMD,Ryzen 7,4 GB GB,DDR4,512 GB,0 GB,Windows,32-bit,0,Casual,Yes,No,109000,0
DELL,AMD,Ryzen 7,4 GB GB,DDR4,512 GB,0 GB,Windows,64-bit,6,Casual,No,No,89990,4.1
Lenovo,AMD,Ryzen 7,4 GB GB,DDR4,512 GB,0 GB,Windows,64-bit,0,Casual,Yes,Yes,78988,0
Lenovo,AMD,Ryzen 7,4 GB GB,DDR4,512 GB,0 GB,Windows,64-bit,4,Casual,No,No,73138,3
Lenovo,AMD,Ryzen 7,4 GB GB,DDR4,512 GB,0 GB,Windows,64-bit,4,Casual,No,No,106990,0
ASUS,AMD,Ryzen 7,4 GB GB,DDR4,512 GB,0 GB,Windows,32-bit,4,Casual,No,No,79990,0
DELL,AMD,Ryzen 7,4 GB GB,DDR4,512 GB,0 GB,Windows,64-bit,0,Casual,Yes,Yes,89570,0
HP,AMD,Ryzen 7,4 GB GB,DDR4,512 GB,0 GB,Windows,64-bit,0,ThinNlight,No,Yes,68500,4.5
Lenovo,AMD,Ryzen 7,16 GB GB,DDR4,512 GB,0 GB,Windows,64-bit,0,Casual,No,No,73400,0
Vaio,AMD,Ryzen 7,8 GB GB,DDR4,512 GB,0 GB,Windows,64-bit,0,ThinNlight,No,Yes,57990,3.8
HP,AMD,Ryzen 7,16 GB GB,DDR4,512 GB,0 GB,Windows,64-bit,2,Casual,No,Yes,79990,3.5
HP,AMD,Ryzen 7,16 GB GB,DDR4,512 GB,0 GB,Windows,64-bit,4,Gaming,No,Yes,84990,2.8
MSI,AMD,Ryzen 7,16 GB GB,DDR4,1024 GB,0 GB,Windows,64-bit,8,Casual,No,No,99990,4.7
ASUS,AMD,Ryzen 7,8 GB GB,LPDDR4X,1024 GB,0 GB,Windows,64-bit,4,Casual,No,No,72990,4.6
HP,AMD,Ryzen 7,16 GB GB,DDR4,1024 GB,0 GB,Windows,64-bit,0,ThinNlight,Yes,Yes,92990,0
HP,AMD,Ryzen 7,16 GB GB,DDR4,1024 GB,0 GB,Windows,64-bit,0,ThinNlight,No,Yes,84190,0
ASUS,AMD,Ryzen 7,16 GB GB,LPDDR4X,1024 GB,0 GB,Windows,64-bit,0,Casual,Yes,No,112990,0
ASUS,AMD,Ryzen 7,4 GB GB,DDR5,1024 GB,0 GB,Windows,32-bit,4,Casual,No,No,114990,0
acer,AMD,Ryzen 7,4 GB GB,DDR4,1024 GB,0 GB,Windows,64-bit,4,Casual,No,No,99990,0
ASUS,AMD,Ryzen 7,4 GB GB,DDR4,1024 GB,0 GB,Windows,32-bit,4,Gaming,No,No,95990,4.7
HP,AMD,Ryzen 7,4 GB GB,DDR4,1024 GB,0 GB,Windows,64-bit,8,Casual,No,No,159990,4.8
ASUS,AMD,Ryzen 7,4 GB GB,DDR4,1024 GB,0 GB,Windows,64-bit,0,Casual,No,Yes,76990,0
Lenovo,AMD,Ryzen 7,4 GB GB,DDR4,1024 GB,0 GB,Windows,64-bit,6,Casual,No,Yes,130990,0
ASUS,AMD,Ryzen 7,4 GB GB,DDR4,1024 GB,0 GB,Windows,64-bit,0,Casual,No,No,99990,0
ASUS,AMD,Ryzen 7,4 GB GB,DDR5,1024 GB,0 GB,Windows,64-bit,4,Casual,No,No,112990,0
Lenovo,AMD,Ryzen 7,4 GB GB,DDR4,1024 GB,0 GB,Windows,64-bit,0,Casual,No,Yes,77988,0
ASUS,AMD,Ryzen 7,4 GB GB,DDR4,1024 GB,0 GB,Windows,64-bit,0,Casual,No,Yes,76000,5
ASUS,AMD,Ryzen 7,4 GB GB,LPDDR4X,1024 GB,0 GB,Windows,64-bit,4,Casual,Yes,No,99990,4.4
ASUS,AMD,Ryzen 7,4 GB GB,DDR4,1024 GB,0 GB,Windows,64-bit,0,Casual,No,No,111000,0
ASUS,AMD,Ryzen 7,16 GB GB,LPDDR4X,1024 GB,0 GB,Windows,64-bit,0,ThinNlight,No,Yes,84970,3
HP,AMD,Ryzen 7,16 GB GB,DDR4,256 GB,1024 GB,Windows,64-bit,4,Gaming,No,Yes,75990,4.5
acer,AMD,Ryzen 7,16 GB GB,DDR4,256 GB,1024 GB,Windows,64-bit,6,Casual,No,No,89990,4.4
acer,AMD,Ryzen 7,16 GB GB,DDR4,256 GB,1024 GB,Windows,64-bit,4,Casual,No,No,81990,4.5
Lenovo,AMD,Ryzen 7,4 GB GB,DDR4,512 GB,1024 GB,Windows,32-bit,0,Casual,No,No,80490,0
ASUS,AMD,Ryzen 9,16 GB GB,DDR4,1024 GB,0 GB,Windows,64-bit,6,Casual,No,No,135990,0
ASUS,AMD,Ryzen 9,16 GB GB,DDR4,1024 GB,0 GB,Windows,32-bit,0,Casual,No,No,154990,4.6
ASUS,AMD,Ryzen 9,16 GB GB,DDR4,1024 GB,0 GB,Windows,64-bit,8,Casual,No,Yes,199990,4.7
ASUS,AMD,Ryzen 9,16 GB GB,DDR4,1024 GB,0 GB,Windows,64-bit,4,Casual,No,No,114990,4.6
ASUS,AMD,Ryzen 9,16 GB GB,DDR4,1024 GB,0 GB,Windows,64-bit,6,Casual,No,Yes,129990,4.3
ASUS,AMD,Ryzen 9,16 GB GB,LPDDR4X,1024 GB,0 GB,Windows,64-bit,4,Casual,Yes,Yes,114990,4.3
MSI,AMD,Ryzen 9,4 GB GB,DDR4,1024 GB,0 GB,Windows,64-bit,0,Casual,No,No,146990,0
ASUS,AMD,Ryzen 9,4 GB GB,DDR4,1024 GB,0 GB,Windows,64-bit,0,Casual,No,No,104990,4.5
ASUS,AMD,Ryzen 9,4 GB GB,LPDDR4X,1024 GB,0 GB,Windows,64-bit,4,Casual,Yes,No,114990,4.7
ASUS,AMD,Ryzen 9,4 GB GB,LPDDR4X,1024 GB,0 GB,Windows,64-bit,4,Casual,Yes,Yes,124990,5
ASUS,AMD,Ryzen 9,4 GB GB,LPDDR4X,1024 GB,0 GB,Windows,64-bit,0,Casual,Yes,No,134990,0
HP,AMD,Ryzen 9,4 GB GB,DDR4,1024 GB,0 GB,Windows,64-bit,8,Casual,No,Yes,141990,0
ASUS,AMD,Ryzen 9,4 GB GB,DDR4,1024 GB,0 GB,Windows,64-bit,0,Casual,No,No,129990,0
ASUS,AMD,Ryzen 9,4 GB GB,LPDDR4X,1024 GB,0 GB,Windows,64-bit,4,Casual,Yes,Yes,142990,4
ASUS,AMD,Ryzen 9,4 GB GB,DDR4,1024 GB,0 GB,Windows,64-bit,0,Casual,No,No,121990,0
ASUS,AMD,Ryzen 9,4 GB GB,LPDDR4X,1024 GB,0 GB,Windows,64-bit,4,Casual,Yes,Yes,124990,4.2
ASUS,AMD,Ryzen 9,4 GB GB,DDR4,1024 GB,0 GB,Windows,64-bit,6,Casual,No,No,141990,4.2
ASUS,AMD,Ryzen 9,4 GB GB,DDR4,1024 GB,0 GB,Windows,64-bit,4,Casual,No,No,162990,0
ASUS,AMD,Ryzen 9,4 GB GB,DDR4,1024 GB,0 GB,Windows,64-bit,0,Casual,No,No,130500,0
ASUS,AMD,Ryzen 9,4 GB GB,DDR4,1024 GB,0 GB,Windows,64-bit,4,Casual,No,No,116990,0
ASUS,AMD,Ryzen 9,4 GB GB,DDR4,1024 GB,0 GB,Windows,32-bit,6,Casual,No,No,138990,0
ASUS,AMD,Ryzen 9,4 GB GB,LPDDR4X,1024 GB,0 GB,Windows,64-bit,4,Casual,Yes,Yes,234990,0
ASUS,AMD,Ryzen 9,4 GB GB,DDR4,1024 GB,0 GB,Windows,64-bit,0,Casual,No,No,135990,0
ASUS,AMD,Ryzen 9,4 GB GB,DDR4,1024 GB,0 GB,Windows,64-bit,0,Casual,No,No,144990,0
ASUS,AMD,Ryzen 9,4 GB GB,DDR4,1024 GB,0 GB,Windows,64-bit,4,Casual,No,No,149990,0
ASUS,AMD,Ryzen 9,4 GB GB,DDR4,1024 GB,0 GB,Windows,64-bit,4,Casual,No,No,142990,0
SAMSUNG,Qualcomm,Snapdragon 7c,4 GB GB,LPDDR4X,0 GB,512 GB,Windows,32-bit,0,Casual,No,No,38990,0
Lenovo,AMD,Ryzen 5,8 GB GB,DDR4,512 GB,0 GB,DOS,64-bit,0,ThinNlight,No,No,57490,4.2
